filename; category; exact % value
AMPP423.COB ; Cat0; 0.05
RTRU0K4.COB ; Cat0; 0.06
ALCU030.COB ; Cat0; 0.08
ALCU021.COB ; Cat0; 0.11
OFCB818.COB ; Cat0; 0.12
AMPP428.COB ; Cat0; 0.13
PRCU016.COB ; Cat0; 0.13
RTCC111.COB ; Cat0; 0.13
RTCC113.COB ; Cat0; 0.13
NOAP145.COB ; Cat0; 0.14
RTCC102.COB ; Cat0; 0.14
RTCC104.COB ; Cat0; 0.14
RTCC108.COB ; Cat0; 0.14
AMPP426.COB ; Cat0; 0.15
LITC507.COB ; Cat0; 0.15
NOAP144.COB ; Cat0; 0.15
RTCC110.COB ; Cat0; 0.15
DABU999.COB ; Cat0; 0.16
LEDB150.COB ; Cat0; 0.16
NOAB560.COB ; Cat0; 0.16
RTCC114.COB ; Cat0; 0.16
LADB150.COB ; Cat0; 0.17
LITB925.COB ; Cat0; 0.17
NOAB566.COB ; Cat0; 0.17
NOAB567.COB ; Cat0; 0.17
NOAB568.COB ; Cat0; 0.17
OFCU029.COB ; Cat0; 0.17
PRCB909.COB ; Cat0; 0.17
PRCC029.COB ; Cat0; 0.17
PRCU002.COB ; Cat0; 0.17
RTRB021.COB ; Cat0; 0.17
NOAB015.COB ; Cat0; 0.18
NOAB016.COB ; Cat0; 0.18
PRCC030.COB ; Cat0; 0.18
RTCC109.COB ; Cat0; 0.18
RTCC115.COB ; Cat0; 0.18
ALCC024.COB ; Cat0; 0.19
ALCC065.COB ; Cat0; 0.19
LITC501.COB ; Cat0; 0.19
LITC502.COB ; Cat0; 0.19
LITC503.COB ; Cat0; 0.19
LITC504.COB ; Cat0; 0.19
LITC509.COB ; Cat0; 0.19
LITC511.COB ; Cat0; 0.19
LITC513.COB ; Cat0; 0.19
NOAB565.COB ; Cat0; 0.19
NOAU478.COB ; Cat0; 0.19
OFCU039.COB ; Cat0; 0.19
PRCC010.COB ; Cat0; 0.19
PRCC028.COB ; Cat0; 0.19
PRCU019.COB ; Cat0; 0.19
RTCC011.COB ; Cat0; 0.19
RTCC101.COB ; Cat0; 0.19
RTCC103.COB ; Cat0; 0.19
RTCC105.COB ; Cat0; 0.19
RTCC112.COB ; Cat0; 0.19
RTRB011.COB ; Cat0; 0.19
RTRB017.COB ; Cat0; 0.19
RTRB031.COB ; Cat0; 0.19
RTRU003.COB ; Cat0; 0.19
SDFC010.COB ; Cat0; 0.19
DABU998.COB ; Cat0; 0.2
LITC505.COB ; Cat0; 0.2
LITC506.COB ; Cat0; 0.2
LITC510.COB ; Cat0; 0.2
NOAB017.COB ; Cat0; 0.2
RTRB001.COB ; Cat0; 0.2
RTRB010.COB ; Cat0; 0.2
RTRB016.COB ; Cat0; 0.2
RTRU006.COB ; Cat0; 0.2
ALCU254.COB ; Cat0; 0.21
NOAB562.COB ; Cat0; 0.21
OFCU037.COB ; Cat0; 0.21
OFCU047.COB ; Cat0; 0.21
OFCVC12.COB ; Cat0; 0.21
PRCC006.COB ; Cat0; 0.21
PRCP254.COB ; Cat0; 0.21
RTCU711.COB ; Cat0; 0.21
SDFC013.COB ; Cat0; 0.21
SDFU001.COB ; Cat0; 0.21
SEFU003.COB ; Cat0; 0.21
SETC001.COB ; Cat0; 0.21
ALCP701.COB ; Cat0; 0.22
ALCU050.COB ; Cat0; 0.22
NOAB020.COB ; Cat0; 0.22
NOAB264.COB ; Cat0; 0.22
OFCB452.COB ; Cat0; 0.22
OFCB460.COB ; Cat0; 0.22
PRCC013.COB ; Cat0; 0.22
PRCC034.COB ; Cat0; 0.22
PRCC036.COB ; Cat0; 0.22
RTCP621.COB ; Cat0; 0.22
RTCU009.COB ; Cat0; 0.22
RTRB014.COB ; Cat0; 0.22
RTRB024.COB ; Cat0; 0.22
SAEB025.COB ; Cat0; 0.22
SETC009.COB ; Cat0; 0.22
LEDUT31.COB ; Cat0; 0.23
LITC508.COB ; Cat0; 0.23
NOAB019.COB ; Cat0; 0.23
NOAB866.COB ; Cat0; 0.23
NOAU518.COB ; Cat0; 0.23
OFCVC06.COB ; Cat0; 0.23
PRCC002.COB ; Cat0; 0.23
PRCC004.COB ; Cat0; 0.23
PRCC009.COB ; Cat0; 0.23
PRCC022.COB ; Cat0; 0.23
PRCC053.COB ; Cat0; 0.23
PRCU500.COB ; Cat0; 0.23
RTRB002.COB ; Cat0; 0.23
RTRB015.COB ; Cat0; 0.23
RTRB027.COB ; Cat0; 0.23
SDFC003.COB ; Cat0; 0.23
SDFC014.COB ; Cat0; 0.23
SDFC015.COB ; Cat0; 0.23
SEFU004.COB ; Cat0; 0.23
SETC014.COB ; Cat0; 0.23
SETC015.COB ; Cat0; 0.23
ALCB327.COB ; Cat0; 0.24
ALCC026.COB ; Cat0; 0.24
ALCC027.COB ; Cat0; 0.24
ALCP254.COB ; Cat0; 0.24
LADB140.COB ; Cat0; 0.24
NOAB018.COB ; Cat0; 0.24
NOAB735.COB ; Cat0; 0.24
NOAP128.COB ; Cat0; 0.24
NOAU418.COB ; Cat0; 0.24
OFCU026.COB ; Cat0; 0.24
OFCU050.COB ; Cat0; 0.24
PRCC011.COB ; Cat0; 0.24
PRCC014.COB ; Cat0; 0.24
PRCP251.COB ; Cat0; 0.24
PRCS034.COB ; Cat0; 0.24
PRCU014.COB ; Cat0; 0.24
PRCU018.COB ; Cat0; 0.24
RTCU016.COB ; Cat0; 0.24
RTRB117.COB ; Cat0; 0.24
RTRU017.COB ; Cat0; 0.24
SDFC004.COB ; Cat0; 0.24
SFRC001.COB ; Cat0; 0.24
ALCC030.COB ; Cat0; 0.25
HSPU005.COB ; Cat0; 0.25
LITC512.COB ; Cat0; 0.25
NOAB852.COB ; Cat0; 0.25
NOAB869.COB ; Cat0; 0.25
NOAU158.COB ; Cat0; 0.25
NOAU403.COB ; Cat0; 0.25
NOAU701.COB ; Cat0; 0.25
NOAVN71.COB ; Cat0; 0.25
OFCU041.COB ; Cat0; 0.25
OFCVD04.COB ; Cat0; 0.25
PRCB512.COB ; Cat0; 0.25
PRCB840.COB ; Cat0; 0.25
PRCC005.COB ; Cat0; 0.25
PRCC008.COB ; Cat0; 0.25
PRCC016.COB ; Cat0; 0.25
PRCC052.COB ; Cat0; 0.25
PRCP557.COB ; Cat0; 0.25
PRCS036.COB ; Cat0; 0.25
RTCB388.COB ; Cat0; 0.25
RTCU036.COB ; Cat0; 0.25
RTCU909.COB ; Cat0; 0.25
SDFB002.COB ; Cat0; 0.25
SDFB005.COB ; Cat0; 0.25
SDFB008.COB ; Cat0; 0.25
SDFB011.COB ; Cat0; 0.25
SDFB037.COB ; Cat0; 0.25
SDFC011.COB ; Cat0; 0.25
SETC008.COB ; Cat0; 0.25
SETC016.COB ; Cat0; 0.25
ALCP252.COB ; Cat0; 0.26
ALCP256.COB ; Cat0; 0.26
ALCP333.COB ; Cat0; 0.26
CVDC006.COB ; Cat0; 0.26
DABB105.COB ; Cat0; 0.26
DABP480.COB ; Cat0; 0.26
DABU008.COB ; Cat0; 0.26
DABU023.COB ; Cat0; 0.26
LITB229.COB ; Cat0; 0.26
NOAP012.COB ; Cat0; 0.26
NOAP013.COB ; Cat0; 0.26
NOAP304.COB ; Cat0; 0.26
NOAP402.COB ; Cat0; 0.26
NOAP851.COB ; Cat0; 0.26
NOAU017.COB ; Cat0; 0.26
NOAU019.COB ; Cat0; 0.26
NOAVN74.COB ; Cat0; 0.26
OFCB021.COB ; Cat0; 0.26
OFCB022.COB ; Cat0; 0.26
OFCU031.COB ; Cat0; 0.26
OFCU046.COB ; Cat0; 0.26
PRCB875.COB ; Cat0; 0.26
PRCC015.COB ; Cat0; 0.26
PRCC023.COB ; Cat0; 0.26
PRCC035.COB ; Cat0; 0.26
PRCC037.COB ; Cat0; 0.26
RTCC014.COB ; Cat0; 0.26
RTCU012.COB ; Cat0; 0.26
RTRB119.COB ; Cat0; 0.26
RTRB120.COB ; Cat0; 0.26
RTRP112.COB ; Cat0; 0.26
RTRP113.COB ; Cat0; 0.26
SFRB750.COB ; Cat0; 0.26
SOPB300.COB ; Cat0; 0.26
ALCP246.COB ; Cat0; 0.27
ALCP337.COB ; Cat0; 0.27
ALCU014.COB ; Cat0; 0.27
ALCVF01.COB ; Cat0; 0.27
CAPVA03.COB ; Cat0; 0.27
CAPVA04.COB ; Cat0; 0.27
DABU001.COB ; Cat0; 0.27
DABU006.COB ; Cat0; 0.27
LITVA45.COB ; Cat0; 0.27
NOAB236.COB ; Cat0; 0.27
NOAB863.COB ; Cat0; 0.27
NOAP418.COB ; Cat0; 0.27
NOAP859.COB ; Cat0; 0.27
NOAS409.COB ; Cat0; 0.27
NOAU449.COB ; Cat0; 0.27
NOAU472.COB ; Cat0; 0.27
NOAU549.COB ; Cat0; 0.27
NOAVH36.COB ; Cat0; 0.27
OFCB228.COB ; Cat0; 0.27
OFCB292.COB ; Cat0; 0.27
OFCP334.COB ; Cat0; 0.27
OFCP429.COB ; Cat0; 0.27
OFCS104.COB ; Cat0; 0.27
OFCS104.COB ; Cat0; 0.27
PRCB514.COB ; Cat0; 0.27
PRCB521.COB ; Cat0; 0.27
PRCC020.COB ; Cat0; 0.27
RTCC013.COB ; Cat0; 0.27
RTCC015.COB ; Cat0; 0.27
RTCP075.COB ; Cat0; 0.27
RTCU022.COB ; Cat0; 0.27
RTCU703.COB ; Cat0; 0.27
SDFB015.COB ; Cat0; 0.27
SDFC001.COB ; Cat0; 0.27
SDFC005.COB ; Cat0; 0.27
SETB200.COB ; Cat0; 0.27
SETB205.COB ; Cat0; 0.27
ALCB668.COB ; Cat0; 0.28
CAPVA01.COB ; Cat0; 0.28
DABU009.COB ; Cat0; 0.28
NOAB405.COB ; Cat0; 0.28
NOAB857.COB ; Cat0; 0.28
NOAP400.COB ; Cat0; 0.28
NOAU022.COB ; Cat0; 0.28
NOAU025.COB ; Cat0; 0.28
NOAU062.COB ; Cat0; 0.28
OFCB240.COB ; Cat0; 0.28
OFCU004.COB ; Cat0; 0.28
OFCU032.COB ; Cat0; 0.28
OFCU048.COB ; Cat0; 0.28
OFCVB02.COB ; Cat0; 0.28
PRCP841.COB ; Cat0; 0.28
SAEB020.COB ; Cat0; 0.28
SDFB018.COB ; Cat0; 0.28
SDFB021.COB ; Cat0; 0.28
SDFB024.COB ; Cat0; 0.28
SDFB027.COB ; Cat0; 0.28
SDFC016.COB ; Cat0; 0.28
SEFB010.COB ; Cat0; 0.28
SETB021.COB ; Cat0; 0.28
ALCB073.COB ; Cat0; 0.29
ALCC032.COB ; Cat0; 0.29
AMPP429.COB ; Cat0; 0.29
CVDC007.COB ; Cat0; 0.29
DABB604.COB ; Cat0; 0.29
DABU015.COB ; Cat0; 0.29
L62U300.COB ; Cat0; 0.29
LITU008.COB ; Cat0; 0.29
NOAB047.COB ; Cat0; 0.29
NOAB239.COB ; Cat0; 0.29
NOAP749.COB ; Cat0; 0.29
NOAP849.COB ; Cat0; 0.29
NOAU130.COB ; Cat0; 0.29
NOAU424.COB ; Cat0; 0.29
OFCB279.COB ; Cat0; 0.29
OFCB475.COB ; Cat0; 0.29
OFCB985.COB ; Cat0; 0.29
OFCS201.COB ; Cat0; 0.29
OFCU027.COB ; Cat0; 0.29
OFCU056.COB ; Cat0; 0.29
OFCVB12.COB ; Cat0; 0.29
PRCB019.COB ; Cat0; 0.29
PRCB941.COB ; Cat0; 0.29
PRCC001.COB ; Cat0; 0.29
PRCC007.COB ; Cat0; 0.29
PRCC021.COB ; Cat0; 0.29
PRCC027.COB ; Cat0; 0.29
PRCS001.COB ; Cat0; 0.29
PRCS002.COB ; Cat0; 0.29
RTCB717.COB ; Cat0; 0.29
RTCC010.COB ; Cat0; 0.29
RTCC012.COB ; Cat0; 0.29
RTCC032.COB ; Cat0; 0.29
RTCU004.COB ; Cat0; 0.29
RTCU702.COB ; Cat0; 0.29
RTCU704.COB ; Cat0; 0.29
RTCU714.COB ; Cat0; 0.29
RTRB115.COB ; Cat0; 0.29
RTRB118.COB ; Cat0; 0.29
RTRU007.COB ; Cat0; 0.29
RTRU110.COB ; Cat0; 0.29
SAEB013.COB ; Cat0; 0.29
SAEVB03.COB ; Cat0; 0.29
SDFB034.COB ; Cat0; 0.29
SETB042.COB ; Cat0; 0.29
SETB045.COB ; Cat0; 0.29
SETB071.COB ; Cat0; 0.29
SETC010.COB ; Cat0; 0.29
SETC012.COB ; Cat0; 0.29
SFRB100.COB ; Cat0; 0.29
SFRB510.COB ; Cat0; 0.29
ALCB229.COB ; Cat0; 0.3
ALCP336.COB ; Cat0; 0.3
ALCVD70.COB ; Cat0; 0.3
AMPB424.COB ; Cat0; 0.3
CAPU005.COB ; Cat0; 0.3
CVDC004.COB ; Cat0; 0.3
DABVA10.COB ; Cat0; 0.3
DABVA70.COB ; Cat0; 0.3
DABVA90.COB ; Cat0; 0.3
HSAU002.COB ; Cat0; 0.3
HSPB032.COB ; Cat0; 0.3
NOAB045.COB ; Cat0; 0.3
NOAP120.COB ; Cat0; 0.3
NOAP771.COB ; Cat0; 0.3
NOAP854.COB ; Cat0; 0.3
NOAP871.COB ; Cat0; 0.3
NOAU157.COB ; Cat0; 0.3
NOAU419.COB ; Cat0; 0.3
NOAU510.COB ; Cat0; 0.3
NOAVH04.COB ; Cat0; 0.3
NOAVH09.COB ; Cat0; 0.3
NOAVH34.COB ; Cat0; 0.3
NOAVN39.COB ; Cat0; 0.3
NOAVN49.COB ; Cat0; 0.3
OFCB225.COB ; Cat0; 0.3
OFCB226.COB ; Cat0; 0.3
OFCB231.COB ; Cat0; 0.3
OFCB285.COB ; Cat0; 0.3
OFCB362.COB ; Cat0; 0.3
OFCB380.COB ; Cat0; 0.3
OFCB381.COB ; Cat0; 0.3
OFCB382.COB ; Cat0; 0.3
OFCB383.COB ; Cat0; 0.3
OFCB385.COB ; Cat0; 0.3
OFCU035.COB ; Cat0; 0.3
OFCU044.COB ; Cat0; 0.3
OFCU053.COB ; Cat0; 0.3
OFCU054.COB ; Cat0; 0.3
OFCVB05.COB ; Cat0; 0.3
OFCVC01.COB ; Cat0; 0.3
OFCVC03.COB ; Cat0; 0.3
OFCVC17.COB ; Cat0; 0.3
OFCVC20.COB ; Cat0; 0.3
OFCVD02.COB ; Cat0; 0.3
PRCB825.COB ; Cat0; 0.3
PRCB940.COB ; Cat0; 0.3
PRCC003.COB ; Cat0; 0.3
PRCC033.COB ; Cat0; 0.3
RTCC016.COB ; Cat0; 0.3
RTCC045.COB ; Cat0; 0.3
RTCP385.COB ; Cat0; 0.3
RTCP739.COB ; Cat0; 0.3
RTCU014.COB ; Cat0; 0.3
RTRB116.COB ; Cat0; 0.3
RTRU001.COB ; Cat0; 0.3
SAEB011.COB ; Cat0; 0.3
SAEB012.COB ; Cat0; 0.3
SAEU003.COB ; Cat0; 0.3
SAEVB02.COB ; Cat0; 0.3
SAEVB04.COB ; Cat0; 0.3
SAEVB05.COB ; Cat0; 0.3
SETB023.COB ; Cat0; 0.3
ALCVD42.COB ; Cat0; 0.31
ALCVD47.COB ; Cat0; 0.31
CAPVA07.COB ; Cat0; 0.31
DABP120.COB ; Cat0; 0.31
DABVA95.COB ; Cat0; 0.31
LEDUT32.COB ; Cat0; 0.31
LEDUW10.COB ; Cat0; 0.31
NOAB203.COB ; Cat0; 0.31
NOAB263.COB ; Cat0; 0.31
NOAB868.COB ; Cat0; 0.31
NOAB891.COB ; Cat0; 0.31
NOAC168.COB ; Cat0; 0.31
NOAP742.COB ; Cat0; 0.31
NOAP745.COB ; Cat0; 0.31
NOAP748.COB ; Cat0; 0.31
NOAP750.COB ; Cat0; 0.31
NOAU026.COB ; Cat0; 0.31
NOAU414.COB ; Cat0; 0.31
NOAVH01.COB ; Cat0; 0.31
NOAVH05.COB ; Cat0; 0.31
NOAVH10.COB ; Cat0; 0.31
NOAVH13.COB ; Cat0; 0.31
NOAVH15.COB ; Cat0; 0.31
NOAVH17.COB ; Cat0; 0.31
NOAVH29.COB ; Cat0; 0.31
NOAVN01.COB ; Cat0; 0.31
NOAVN05.COB ; Cat0; 0.31
NOAVN09.COB ; Cat0; 0.31
NOAVN14.COB ; Cat0; 0.31
NOAVN16.COB ; Cat0; 0.31
NOAVN18.COB ; Cat0; 0.31
NOAVN22.COB ; Cat0; 0.31
NOAVN24.COB ; Cat0; 0.31
NOAVN26.COB ; Cat0; 0.31
NOAVN43.COB ; Cat0; 0.31
NOAVN45.COB ; Cat0; 0.31
NOAVN47.COB ; Cat0; 0.31
NOAVN55.COB ; Cat0; 0.31
NOAVN80.COB ; Cat0; 0.31
OFCB024.COB ; Cat0; 0.31
OFCB229.COB ; Cat0; 0.31
OFCB386.COB ; Cat0; 0.31
OFCB387.COB ; Cat0; 0.31
OFCU003.COB ; Cat0; 0.31
OFCU034.COB ; Cat0; 0.31
OFCVB01.COB ; Cat0; 0.31
OFCVB07.COB ; Cat0; 0.31
OFCVB09.COB ; Cat0; 0.31
OFCVC04.COB ; Cat0; 0.31
OFCVC05.COB ; Cat0; 0.31
OFCVC13.COB ; Cat0; 0.31
OFCVC14.COB ; Cat0; 0.31
OFCVC19.COB ; Cat0; 0.31
OFCVC22.COB ; Cat0; 0.31
OFCVC28.COB ; Cat0; 0.31
OFCVC33.COB ; Cat0; 0.31
OFCVC34.COB ; Cat0; 0.31
OFCVD01.COB ; Cat0; 0.31
OFCVD09.COB ; Cat0; 0.31
PRCB023.COB ; Cat0; 0.31
PRCB131.COB ; Cat0; 0.31
PRCB132.COB ; Cat0; 0.31
PRCB330.COB ; Cat0; 0.31
PRCB360.COB ; Cat0; 0.31
PRCC012.COB ; Cat0; 0.31
PRCP461.COB ; Cat0; 0.31
RTCB355.COB ; Cat0; 0.31
RTCB705.COB ; Cat0; 0.31
RTCC033.COB ; Cat0; 0.31
RTCU035.COB ; Cat0; 0.31
RTCU706.COB ; Cat0; 0.31
RTRU002.COB ; Cat0; 0.31
SAEVB01.COB ; Cat0; 0.31
SAEVB06.COB ; Cat0; 0.31
SAEVB08.COB ; Cat0; 0.31
SETB043.COB ; Cat0; 0.31
SETB052.COB ; Cat0; 0.31
SFRB411.COB ; Cat0; 0.31
SOPP401.COB ; Cat0; 0.31
ALCC028.COB ; Cat0; 0.32
ALCC031.COB ; Cat0; 0.32
ALCC067.COB ; Cat0; 0.32
ALCC070.COB ; Cat0; 0.32
ALCU009.COB ; Cat0; 0.32
ALCVD41.COB ; Cat0; 0.32
ALCVD69.COB ; Cat0; 0.32
ALCVF05.COB ; Cat0; 0.32
ALCVF08.COB ; Cat0; 0.32
ALCVF14.COB ; Cat0; 0.32
ALCVF21.COB ; Cat0; 0.32
CAPVA02.COB ; Cat0; 0.32
CVDC001.COB ; Cat0; 0.32
DABP416.COB ; Cat0; 0.32
LEDUW01.COB ; Cat0; 0.32
LITVA44.COB ; Cat0; 0.32
NOAB218.COB ; Cat0; 0.32
NOAP011.COB ; Cat0; 0.32
NOAP029.COB ; Cat0; 0.32
NOAS408.COB ; Cat0; 0.32
NOAU007.COB ; Cat0; 0.32
NOAU033.COB ; Cat0; 0.32
NOAU063.COB ; Cat0; 0.32
NOAU410.COB ; Cat0; 0.32
NOAU565.COB ; Cat0; 0.32
NOAVE02.COB ; Cat0; 0.32
NOAVH30.COB ; Cat0; 0.32
NOAVH41.COB ; Cat0; 0.32
NOAVK08.COB ; Cat0; 0.32
NOAVN13.COB ; Cat0; 0.32
NOAVN28.COB ; Cat0; 0.32
OFCB221.COB ; Cat0; 0.32
OFCB478.COB ; Cat0; 0.32
OFCU008.COB ; Cat0; 0.32
OFCU017.COB ; Cat0; 0.32
OFCU036.COB ; Cat0; 0.32
OFCVA02.COB ; Cat0; 0.32
OFCVC02.COB ; Cat0; 0.32
OFCVC08.COB ; Cat0; 0.32
OFCVC30.COB ; Cat0; 0.32
OFCVD03.COB ; Cat0; 0.32
OFCVD05.COB ; Cat0; 0.32
OFCVD08.COB ; Cat0; 0.32
PRCB130.COB ; Cat0; 0.32
PRCB210.COB ; Cat0; 0.32
PRCC018.COB ; Cat0; 0.32
PRCC060.COB ; Cat0; 0.32
PRCC061.COB ; Cat0; 0.32
PRCC062.COB ; Cat0; 0.32
PRCC064.COB ; Cat0; 0.32
PRCP867.COB ; Cat0; 0.32
PRCP987.COB ; Cat0; 0.32
RTCC041.COB ; Cat0; 0.32
RTCC042.COB ; Cat0; 0.32
RTCC043.COB ; Cat0; 0.32
RTCC044.COB ; Cat0; 0.32
RTCC100.COB ; Cat0; 0.32
RTCC106.COB ; Cat0; 0.32
RTCC107.COB ; Cat0; 0.32
RTCU037.COB ; Cat0; 0.32
RTCU713.COB ; Cat0; 0.32
RTRP111.COB ; Cat0; 0.32
RTRU018.COB ; Cat0; 0.32
SDFB036.COB ; Cat0; 0.32
SDFC012.COB ; Cat0; 0.32
SETB013.COB ; Cat0; 0.32
SETB015.COB ; Cat0; 0.32
SETB022.COB ; Cat0; 0.32
SETB044.COB ; Cat0; 0.32
SETB060.COB ; Cat0; 0.32
ALCB216.COB ; Cat0; 0.33
ALCC025.COB ; Cat0; 0.33
ALCC029.COB ; Cat0; 0.33
ALCC048.COB ; Cat0; 0.33
ALCU080.COB ; Cat0; 0.33
ALCU081.COB ; Cat0; 0.33
ALCVF11.COB ; Cat0; 0.33
ALCVF12.COB ; Cat0; 0.33
ALCVF13.COB ; Cat0; 0.33
CAPB006.COB ; Cat0; 0.33
CAPVA06.COB ; Cat0; 0.33
CVDC002.COB ; Cat0; 0.33
CVDC003.COB ; Cat0; 0.33
CVDP104.COB ; Cat0; 0.33
DABVA20.COB ; Cat0; 0.33
DABVA60.COB ; Cat0; 0.33
DABVA80.COB ; Cat0; 0.33
DABVA85.COB ; Cat0; 0.33
HSPU303.COB ; Cat0; 0.33
L62B480.COB ; Cat0; 0.33
LEDUT33.COB ; Cat0; 0.33
LITVA02.COB ; Cat0; 0.33
LITVA06.COB ; Cat0; 0.33
LITVA10.COB ; Cat0; 0.33
LITVA21.COB ; Cat0; 0.33
LITVA38.COB ; Cat0; 0.33
LITVC08.COB ; Cat0; 0.33
NOAB053.COB ; Cat0; 0.33
NOAB415.COB ; Cat0; 0.33
NOAB776.COB ; Cat0; 0.33
NOAB865.COB ; Cat0; 0.33
NOAP888.COB ; Cat0; 0.33
NOAP895.COB ; Cat0; 0.33
NOAU002.COB ; Cat0; 0.33
NOAU028.COB ; Cat0; 0.33
NOAU110.COB ; Cat0; 0.33
NOAU465.COB ; Cat0; 0.33
NOAU508.COB ; Cat0; 0.33
NOAU514.COB ; Cat0; 0.33
NOAU516.COB ; Cat0; 0.33
NOAVE04.COB ; Cat0; 0.33
NOAVH14.COB ; Cat0; 0.33
NOAVH21.COB ; Cat0; 0.33
NOAVN08.COB ; Cat0; 0.33
NOAVN21.COB ; Cat0; 0.33
NOAVN41.COB ; Cat0; 0.33
NOAVN51.COB ; Cat0; 0.33
NOAVN90.COB ; Cat0; 0.33
NOAVN92.COB ; Cat0; 0.33
OFCB051.COB ; Cat0; 0.33
OFCB224.COB ; Cat0; 0.33
OFCB366.COB ; Cat0; 0.33
OFCP752.COB ; Cat0; 0.33
OFCS204.COB ; Cat0; 0.33
OFCU018.COB ; Cat0; 0.33
OFCVA07.COB ; Cat0; 0.33
OFCVB03.COB ; Cat0; 0.33
OFCVB04.COB ; Cat0; 0.33
OFCVB06.COB ; Cat0; 0.33
OFCVB11.COB ; Cat0; 0.33
OFCVC09.COB ; Cat0; 0.33
OFCVC24.COB ; Cat0; 0.33
OFCVC32.COB ; Cat0; 0.33
PRCB060.COB ; Cat0; 0.33
PRCB200.COB ; Cat0; 0.33
PRCB503.COB ; Cat0; 0.33
PRCC017.COB ; Cat0; 0.33
PRCS029.COB ; Cat0; 0.33
RTCB416.COB ; Cat0; 0.33
RTCB702.COB ; Cat0; 0.33
RTCB708.COB ; Cat0; 0.33
RTCS105.COB ; Cat0; 0.33
RTCS111.COB ; Cat0; 0.33
RTCS113.COB ; Cat0; 0.33
RTCS115.COB ; Cat0; 0.33
RTCU701.COB ; Cat0; 0.33
RTRP023.COB ; Cat0; 0.33
RTRVS02.COB ; Cat0; 0.33
SAEP023.COB ; Cat1; 0.33
SAEP024.COB ; Cat1; 0.33
SDFB001.COB ; Cat1; 0.33
SDFB004.COB ; Cat1; 0.33
SDFB007.COB ; Cat1; 0.33
SDFB010.COB ; Cat1; 0.33
SDFC002.COB ; Cat1; 0.33
SEFB403.COB ; Cat1; 0.33
SETB040.COB ; Cat1; 0.33
SETB041.COB ; Cat1; 0.33
SETB160.COB ; Cat1; 0.33
SETU030.COB ; Cat1; 0.33
SFRU001.COB ; Cat1; 0.33
ALCB231.COB ; Cat1; 0.34
ALCB369.COB ; Cat1; 0.34
ALCC049.COB ; Cat1; 0.34
ALCP693.COB ; Cat1; 0.34
ALCVD43.COB ; Cat1; 0.34
ALCVD45.COB ; Cat1; 0.34
ALCVD46.COB ; Cat1; 0.34
CAPB005.COB ; Cat1; 0.34
CAPVA05.COB ; Cat1; 0.34
DABB223.COB ; Cat1; 0.34
DABU007.COB ; Cat1; 0.34
DABVA50.COB ; Cat1; 0.34
HSPB929.COB ; Cat1; 0.34
LITB212.COB ; Cat1; 0.34
LITS504.COB ; Cat1; 0.34
LITVA03.COB ; Cat1; 0.34
LITVA14.COB ; Cat1; 0.34
LITVA30.COB ; Cat1; 0.34
LITVA32.COB ; Cat1; 0.34
LITVA34.COB ; Cat1; 0.34
LITVA37.COB ; Cat1; 0.34
LITVA39.COB ; Cat1; 0.34
LITVA42.COB ; Cat1; 0.34
LITVA47.COB ; Cat1; 0.34
LITVA48.COB ; Cat1; 0.34
LITVA80.COB ; Cat1; 0.34
LITVC05.COB ; Cat1; 0.34
NOAB191.COB ; Cat1; 0.34
NOAB210.COB ; Cat1; 0.34
NOAP009.COB ; Cat1; 0.34
NOAP435.COB ; Cat1; 0.34
NOAP719.COB ; Cat1; 0.34
NOAP746.COB ; Cat1; 0.34
NOAP747.COB ; Cat1; 0.34
NOAU013.COB ; Cat1; 0.34
NOAU018.COB ; Cat1; 0.34
NOAU408.COB ; Cat1; 0.34
NOAU423.COB ; Cat1; 0.34
NOAU562.COB ; Cat1; 0.34
NOAU908.COB ; Cat1; 0.34
NOAVH06.COB ; Cat1; 0.34
NOAVH22.COB ; Cat1; 0.34
NOAVH32.COB ; Cat1; 0.34
NOAVH33.COB ; Cat1; 0.34
NOAVN30.COB ; Cat1; 0.34
NOAVN38.COB ; Cat1; 0.34
NOAVN50.COB ; Cat1; 0.34
NOAVN60.COB ; Cat1; 0.34
NOAVN62.COB ; Cat1; 0.34
NOAVN84.COB ; Cat1; 0.34
NOAVN86.COB ; Cat1; 0.34
NOAVN94.COB ; Cat1; 0.34
OFCP461.COB ; Cat1; 0.34
OFCS212.COB ; Cat1; 0.34
OFCS306.COB ; Cat1; 0.34
OFCS335.COB ; Cat1; 0.34
OFCS401.COB ; Cat1; 0.34
OFCVC10.COB ; Cat1; 0.34
OFCVC11.COB ; Cat1; 0.34
OFCVC16.COB ; Cat1; 0.34
PRCB017.COB ; Cat1; 0.34
PRCB018.COB ; Cat1; 0.34
PRCB030.COB ; Cat1; 0.34
PRCB070.COB ; Cat1; 0.34
PRCS007.COB ; Cat1; 0.34
PRCS018.COB ; Cat1; 0.34
PRCS037.COB ; Cat1; 0.34
RTCB158.COB ; Cat1; 0.34
RTCC093.COB ; Cat1; 0.34
RTCP391.COB ; Cat1; 0.34
RTCS101.COB ; Cat1; 0.34
RTCS102.COB ; Cat1; 0.34
RTCS104.COB ; Cat1; 0.34
RTCS108.COB ; Cat1; 0.34
RTCS110.COB ; Cat1; 0.34
RTCS114.COB ; Cat1; 0.34
RTCU712.COB ; Cat1; 0.34
RTRP012.COB ; Cat1; 0.34
RTRP026.COB ; Cat1; 0.34
RTRP109.COB ; Cat1; 0.34
RTRP601.COB ; Cat1; 0.34
RTRU0W4.COB ; Cat1; 0.34
SAEVB07.COB ; Cat1; 0.34
SETB003.COB ; Cat1; 0.34
SETB014.COB ; Cat1; 0.34
SETU031.COB ; Cat1; 0.34
SFRB765.COB ; Cat1; 0.34
SFRP682.COB ; Cat1; 0.34
SFRP685.COB ; Cat1; 0.34
ALCC066.COB ; Cat1; 0.35
ALCC068.COB ; Cat1; 0.35
ALCU031.COB ; Cat1; 0.35
ALCU034.COB ; Cat1; 0.35
ALCU039.COB ; Cat1; 0.35
ALCU042.COB ; Cat1; 0.35
ALCVD44.COB ; Cat1; 0.35
ALCVD71.COB ; Cat1; 0.35
CAPP016.COB ; Cat1; 0.35
CAPP017.COB ; Cat1; 0.35
CVDB001.COB ; Cat1; 0.35
DABB400.COB ; Cat1; 0.35
DABB401.COB ; Cat1; 0.35
DABB703.COB ; Cat1; 0.35
DABS010.COB ; Cat1; 0.35
HSPP064.COB ; Cat1; 0.35
HSPU010.COB ; Cat1; 0.35
L62B481.COB ; Cat1; 0.35
LADB300.COB ; Cat1; 0.35
LEDUB31.COB ; Cat1; 0.35
LEDUW02.COB ; Cat1; 0.35
LITB160.COB ; Cat1; 0.35
LITS503.COB ; Cat1; 0.35
LITS507.COB ; Cat1; 0.35
LITVA05.COB ; Cat1; 0.35
LITVA12.COB ; Cat1; 0.35
LITVA15.COB ; Cat1; 0.35
LITVA26.COB ; Cat1; 0.35
LITVA41.COB ; Cat1; 0.35
LITVA43.COB ; Cat1; 0.35
LITVA46.COB ; Cat1; 0.35
LITVA90.COB ; Cat1; 0.35
LITVC03.COB ; Cat1; 0.35
LITVC04.COB ; Cat1; 0.35
LITVC11.COB ; Cat1; 0.35
LITVC12.COB ; Cat1; 0.35
NOAB071.COB ; Cat1; 0.35
NOAB211.COB ; Cat1; 0.35
NOAP003.COB ; Cat1; 0.35
NOAP126.COB ; Cat1; 0.35
NOAP198.COB ; Cat1; 0.35
NOAP712.COB ; Cat1; 0.35
NOAP743.COB ; Cat1; 0.35
NOAP744.COB ; Cat1; 0.35
NOAP751.COB ; Cat1; 0.35
NOAU020.COB ; Cat1; 0.35
NOAU035.COB ; Cat1; 0.35
NOAU440.COB ; Cat1; 0.35
NOAU454.COB ; Cat1; 0.35
NOAU462.COB ; Cat1; 0.35
NOAU502.COB ; Cat1; 0.35
NOAU909.COB ; Cat1; 0.35
NOAVE01.COB ; Cat1; 0.35
NOAVH02.COB ; Cat1; 0.35
NOAVH03.COB ; Cat1; 0.35
NOAVH12.COB ; Cat1; 0.35
NOAVH18.COB ; Cat1; 0.35
NOAVH27.COB ; Cat1; 0.35
NOAVH37.COB ; Cat1; 0.35
NOAVK23.COB ; Cat1; 0.35
NOAVN12.COB ; Cat1; 0.35
NOAVN19.COB ; Cat1; 0.35
NOAVN31.COB ; Cat1; 0.35
NOAVN33.COB ; Cat1; 0.35
NOAVN37.COB ; Cat1; 0.35
NOAVN58.COB ; Cat1; 0.35
NOAVN59.COB ; Cat1; 0.35
NOAVN81.COB ; Cat1; 0.35
OFCB275.COB ; Cat1; 0.35
OFCB328.COB ; Cat1; 0.35
OFCB392.COB ; Cat1; 0.35
OFCP312.COB ; Cat1; 0.35
OFCP394.COB ; Cat1; 0.35
OFCP754.COB ; Cat1; 0.35
OFCP945.COB ; Cat1; 0.35
OFCS411.COB ; Cat1; 0.35
OFCU015.COB ; Cat1; 0.35
OFCU030.COB ; Cat1; 0.35
OFCU033.COB ; Cat1; 0.35
OPOU001.COB ; Cat1; 0.35
PRCB505.COB ; Cat1; 0.35
PRCC105.COB ; Cat1; 0.35
PRCC110.COB ; Cat1; 0.35
PRCC115.COB ; Cat1; 0.35
PRCC125.COB ; Cat1; 0.35
PRCC130.COB ; Cat1; 0.35
PRCS003.COB ; Cat1; 0.35
PRCS004.COB ; Cat1; 0.35
PRCS023.COB ; Cat1; 0.35
RTCB160.COB ; Cat1; 0.35
RTCB706.COB ; Cat1; 0.35
RTCB730.COB ; Cat1; 0.35
RTCS103.COB ; Cat1; 0.35
SAEU001.COB ; Cat1; 0.35
SDFB019.COB ; Cat1; 0.35
SDFB022.COB ; Cat1; 0.35
SDFB025.COB ; Cat1; 0.35
SDFB028.COB ; Cat1; 0.35
SDFB029.COB ; Cat1; 0.35
SDFB030.COB ; Cat1; 0.35
SDFB031.COB ; Cat1; 0.35
SDFB032.COB ; Cat1; 0.35
SDFB035.COB ; Cat1; 0.35
SDFB038.COB ; Cat1; 0.35
SDFS013.COB ; Cat1; 0.35
SDFS014.COB ; Cat1; 0.35
SEFP510.COB ; Cat1; 0.35
SETB020.COB ; Cat1; 0.35
SETP030.COB ; Cat1; 0.35
SFRB420.COB ; Cat1; 0.35
SFRP770.COB ; Cat1; 0.35
SFRU004.COB ; Cat1; 0.35
ALCB328.COB ; Cat1; 0.36
ALCB587.COB ; Cat1; 0.36
ALCP221.COB ; Cat1; 0.36
ALCP264.COB ; Cat1; 0.36
ALCU024.COB ; Cat1; 0.36
ALCU063.COB ; Cat1; 0.36
ALCVD40.COB ; Cat1; 0.36
CAPP023.COB ; Cat1; 0.36
CAPP027.COB ; Cat1; 0.36
DABP410.COB ; Cat1; 0.36
DABU003.COB ; Cat1; 0.36
DABVA05.COB ; Cat1; 0.36
LADB600.COB ; Cat1; 0.36
LADP500.COB ; Cat1; 0.36
LITS501.COB ; Cat1; 0.36
LITVA01.COB ; Cat1; 0.36
LITVA04.COB ; Cat1; 0.36
LITVA07.COB ; Cat1; 0.36
LITVA16.COB ; Cat1; 0.36
LITVA18.COB ; Cat1; 0.36
LITVA23.COB ; Cat1; 0.36
LITVA49.COB ; Cat1; 0.36
LITVA87.COB ; Cat1; 0.36
LITVA91.COB ; Cat1; 0.36
LITVC01.COB ; Cat1; 0.36
LITVC02.COB ; Cat1; 0.36
LITVC06.COB ; Cat1; 0.36
LITVC07.COB ; Cat1; 0.36
NOAB252.COB ; Cat1; 0.36
NOAB404.COB ; Cat1; 0.36
NOAB424.COB ; Cat1; 0.36
NOAB506.COB ; Cat1; 0.36
NOAB860.COB ; Cat1; 0.36
NOAB862.COB ; Cat1; 0.36
NOAP049.COB ; Cat1; 0.36
NOAP302.COB ; Cat1; 0.36
NOAP303.COB ; Cat1; 0.36
NOAP715.COB ; Cat1; 0.36
NOAU016.COB ; Cat1; 0.36
NOAU029.COB ; Cat1; 0.36
NOAU034.COB ; Cat1; 0.36
NOAU073.COB ; Cat1; 0.36
NOAU425.COB ; Cat1; 0.36
NOAU473.COB ; Cat1; 0.36
NOAU511.COB ; Cat1; 0.36
NOAU546.COB ; Cat1; 0.36
NOAVE03.COB ; Cat1; 0.36
NOAVH25.COB ; Cat1; 0.36
NOAVH35.COB ; Cat1; 0.36
NOAVH38.COB ; Cat1; 0.36
NOAVK02.COB ; Cat1; 0.36
NOAVK03.COB ; Cat1; 0.36
NOAVK04.COB ; Cat1; 0.36
NOAVK05.COB ; Cat1; 0.36
NOAVK06.COB ; Cat1; 0.36
NOAVK07.COB ; Cat1; 0.36
NOAVK09.COB ; Cat1; 0.36
NOAVK15.COB ; Cat1; 0.36
NOAVK16.COB ; Cat1; 0.36
NOAVK17.COB ; Cat1; 0.36
NOAVK18.COB ; Cat1; 0.36
NOAVK19.COB ; Cat1; 0.36
NOAVK20.COB ; Cat1; 0.36
NOAVK21.COB ; Cat1; 0.36
NOAVK22.COB ; Cat1; 0.36
NOAVK25.COB ; Cat1; 0.36
NOAVN11.COB ; Cat1; 0.36
NOAVN35.COB ; Cat1; 0.36
NOAVN57.COB ; Cat1; 0.36
NOAVN64.COB ; Cat1; 0.36
NOAVN93.COB ; Cat1; 0.36
OFCB052.COB ; Cat1; 0.36
OFCB390.COB ; Cat1; 0.36
OFCP338.COB ; Cat1; 0.36
OFCP365.COB ; Cat1; 0.36
OFCU005.COB ; Cat1; 0.36
OFCVA01.COB ; Cat1; 0.36
OFCVA08.COB ; Cat1; 0.36
OFCVC07.COB ; Cat1; 0.36
OFCVD10.COB ; Cat1; 0.36
PRCB152.COB ; Cat1; 0.36
PRCB615.COB ; Cat1; 0.36
PRCC041.COB ; Cat1; 0.36
PRCC057.COB ; Cat1; 0.36
PRCC150.COB ; Cat1; 0.36
PRCP520.COB ; Cat1; 0.36
PRCS013.COB ; Cat1; 0.36
PRCS035.COB ; Cat1; 0.36
PRCU013.COB ; Cat1; 0.36
RTCB386.COB ; Cat1; 0.36
RTCB749.COB ; Cat1; 0.36
RTCP044.COB ; Cat1; 0.36
RTCS109.COB ; Cat1; 0.36
SDFC105.COB ; Cat1; 0.36
SDFC110.COB ; Cat1; 0.36
SDFS011.COB ; Cat1; 0.36
SDFS012.COB ; Cat1; 0.36
SEFB500.COB ; Cat1; 0.36
SEFB600.COB ; Cat1; 0.36
SEFP075.COB ; Cat1; 0.36
SETB046.COB ; Cat1; 0.36
SETB047.COB ; Cat1; 0.36
SETC100.COB ; Cat1; 0.36
SETS008.COB ; Cat1; 0.36
SFRB525.COB ; Cat1; 0.36
SFRB710.COB ; Cat1; 0.36
SFRP412.COB ; Cat1; 0.36
SFRP688.COB ; Cat1; 0.36
ALCC200.COB ; Cat1; 0.37
ALCS025.COB ; Cat1; 0.37
CAPP032.COB ; Cat1; 0.37
DABP411.COB ; Cat1; 0.37
DABP888.COB ; Cat1; 0.37
DABS095.COB ; Cat1; 0.37
LITS510.COB ; Cat1; 0.37
LITVA08.COB ; Cat1; 0.37
LITVA09.COB ; Cat1; 0.37
LITVA13.COB ; Cat1; 0.37
LITVA17.COB ; Cat1; 0.37
LITVA19.COB ; Cat1; 0.37
LITVA20.COB ; Cat1; 0.37
LITVA22.COB ; Cat1; 0.37
LITVA24.COB ; Cat1; 0.37
LITVA25.COB ; Cat1; 0.37
LITVA27.COB ; Cat1; 0.37
LITVA28.COB ; Cat1; 0.37
LITVC09.COB ; Cat1; 0.37
NOAB046.COB ; Cat1; 0.37
NOAB235.COB ; Cat1; 0.37
NOAB246.COB ; Cat1; 0.37
NOAB432.COB ; Cat1; 0.37
NOAP008.COB ; Cat1; 0.37
NOAP301.COB ; Cat1; 0.37
NOAP706.COB ; Cat1; 0.37
NOAP707.COB ; Cat1; 0.37
NOAP714.COB ; Cat1; 0.37
NOAP716.COB ; Cat1; 0.37
NOAP741.COB ; Cat1; 0.37
NOAP754.COB ; Cat1; 0.37
NOAS404.COB ; Cat1; 0.37
NOAS901.COB ; Cat1; 0.37
NOAU401.COB ; Cat1; 0.37
NOAU450.COB ; Cat1; 0.37
NOAU476.COB ; Cat1; 0.37
NOAU507.COB ; Cat1; 0.37
NOAU515.COB ; Cat1; 0.37
NOAU550.COB ; Cat1; 0.37
NOAU558.COB ; Cat1; 0.37
NOAVH08.COB ; Cat1; 0.37
NOAVK01.COB ; Cat1; 0.37
NOAVK12.COB ; Cat1; 0.37
NOAVK14.COB ; Cat1; 0.37
NOAVK24.COB ; Cat1; 0.37
NOAVN07.COB ; Cat1; 0.37
NOAVN65.COB ; Cat1; 0.37
NOAVN70.COB ; Cat1; 0.37
NOAVN72.COB ; Cat1; 0.37
NOAVN73.COB ; Cat1; 0.37
OFCB053.COB ; Cat1; 0.37
OFCB376.COB ; Cat1; 0.37
OFCB750.COB ; Cat1; 0.37
OFCP033.COB ; Cat1; 0.37
OFCP034.COB ; Cat1; 0.37
OFCP046.COB ; Cat1; 0.37
OFCP047.COB ; Cat1; 0.37
OFCP439.COB ; Cat1; 0.37
OFCS302.COB ; Cat1; 0.37
OFCS320.COB ; Cat1; 0.37
OFCU007.COB ; Cat1; 0.37
OFCU028.COB ; Cat1; 0.37
OFCU055.COB ; Cat1; 0.37
OFCVA03.COB ; Cat1; 0.37
OFCVA06.COB ; Cat1; 0.37
OFCVB08.COB ; Cat1; 0.37
OFCVD07.COB ; Cat1; 0.37
PRCB133.COB ; Cat1; 0.37
PRCP446.COB ; Cat1; 0.37
PRCP986.COB ; Cat1; 0.37
PRCS011.COB ; Cat1; 0.37
PRCS021.COB ; Cat1; 0.37
RTCB723.COB ; Cat1; 0.37
RTCP393.COB ; Cat1; 0.37
RTCS112.COB ; Cat1; 0.37
RTCU008.COB ; Cat1; 0.37
RTCU029.COB ; Cat1; 0.37
RTCU715.COB ; Cat1; 0.37
RTRB098.COB ; Cat1; 0.37
RTRB099.COB ; Cat1; 0.37
RTRP108.COB ; Cat1; 0.37
SAES002.COB ; Cat1; 0.37
SAES003.COB ; Cat1; 0.37
SAES006.COB ; Cat1; 0.37
SAEU004.COB ; Cat1; 0.37
SDFC100.COB ; Cat1; 0.37
SETB012.COB ; Cat1; 0.37
SETB018.COB ; Cat1; 0.37
SETC000.COB ; Cat1; 0.37
SFRB091.COB ; Cat1; 0.37
ALCB025.COB ; Cat1; 0.38
ALCB585.COB ; Cat1; 0.38
ALCS068.COB ; Cat1; 0.38
ALCU250.COB ; Cat1; 0.38
AMPB431.COB ; Cat1; 0.38
AMPB910.COB ; Cat1; 0.38
AMPC150.COB ; Cat1; 0.38
AMPP440.COB ; Cat1; 0.38
CAPP071.COB ; Cat1; 0.38
CAPS001.COB ; Cat1; 0.38
DABB104.COB ; Cat1; 0.38
DABP412.COB ; Cat1; 0.38
DABS080.COB ; Cat1; 0.38
DABS090.COB ; Cat1; 0.38
HSPS303.COB ; Cat1; 0.38
HSPU011.COB ; Cat1; 0.38
LADP700.COB ; Cat1; 0.38
LITS502.COB ; Cat1; 0.38
LITS513.COB ; Cat1; 0.38
LITVA11.COB ; Cat1; 0.38
LITVA40.COB ; Cat1; 0.38
NOAB025.COB ; Cat1; 0.38
NOAB217.COB ; Cat1; 0.38
NOAB867.COB ; Cat1; 0.38
NOAB886.COB ; Cat1; 0.38
NOAP028.COB ; Cat1; 0.38
NOAP201.COB ; Cat1; 0.38
NOAP305.COB ; Cat1; 0.38
NOAP724.COB ; Cat1; 0.38
NOAP775.COB ; Cat1; 0.38
NOAP855.COB ; Cat1; 0.38
NOAP894.COB ; Cat1; 0.38
NOAS406.COB ; Cat1; 0.38
NOAU011.COB ; Cat1; 0.38
NOAU015.COB ; Cat1; 0.38
NOAU043.COB ; Cat1; 0.38
NOAU160.COB ; Cat1; 0.38
NOAU402.COB ; Cat1; 0.38
NOAU407.COB ; Cat1; 0.38
NOAU413.COB ; Cat1; 0.38
NOAU422.COB ; Cat1; 0.38
NOAU426.COB ; Cat1; 0.38
NOAU446.COB ; Cat1; 0.38
NOAU456.COB ; Cat1; 0.38
NOAVH31.COB ; Cat1; 0.38
OFCB029.COB ; Cat1; 0.38
OFCB262.COB ; Cat1; 0.38
OFCB397.COB ; Cat1; 0.38
OFCB982.COB ; Cat1; 0.38
OFCP044.COB ; Cat1; 0.38
OFCP444.COB ; Cat1; 0.38
OFCP807.COB ; Cat1; 0.38
OFCS208.COB ; Cat1; 0.38
OFCS312.COB ; Cat1; 0.38
OFCS402.COB ; Cat1; 0.38
OFCU038.COB ; Cat1; 0.38
OFCU049.COB ; Cat1; 0.38
PRCB015.COB ; Cat1; 0.38
PRCB340.COB ; Cat1; 0.38
PRCB350.COB ; Cat1; 0.38
PRCB527.COB ; Cat1; 0.38
PRCS006.COB ; Cat1; 0.38
PRCS010.COB ; Cat1; 0.38
PRCU015.COB ; Cat1; 0.38
PRCU802.COB ; Cat1; 0.38
RTCB009.COB ; Cat1; 0.38
RTCB528.COB ; Cat1; 0.38
RTCB724.COB ; Cat1; 0.38
RTCB725.COB ; Cat1; 0.38
RTCB727.COB ; Cat1; 0.38
RTCB728.COB ; Cat1; 0.38
RTCB729.COB ; Cat1; 0.38
RTCU716.COB ; Cat1; 0.38
RTCU718.COB ; Cat1; 0.38
RTRP025.COB ; Cat1; 0.38
RTRP602.COB ; Cat1; 0.38
SDFS003.COB ; Cat1; 0.38
SEFB300.COB ; Cat1; 0.38
SEFB400.COB ; Cat1; 0.38
SEFB401.COB ; Cat1; 0.38
SETB004.COB ; Cat1; 0.38
SETB165.COB ; Cat1; 0.38
SETB175.COB ; Cat1; 0.38
SETS012.COB ; Cat1; 0.38
SETS015.COB ; Cat1; 0.38
SFRC002.COB ; Cat1; 0.38
ALCB207.COB ; Cat1; 0.39
ALCB212.COB ; Cat1; 0.39
ALCB584.COB ; Cat1; 0.39
ALCP263.COB ; Cat1; 0.39
ALCS031.COB ; Cat1; 0.39
ALCS067.COB ; Cat1; 0.39
ALCU053.COB ; Cat1; 0.39
ALCU100.COB ; Cat1; 0.39
ALCU260.COB ; Cat1; 0.39
AMPC100.COB ; Cat1; 0.39
AMPC110.COB ; Cat1; 0.39
AMPC120.COB ; Cat1; 0.39
AMPC140.COB ; Cat1; 0.39
AMPC160.COB ; Cat1; 0.39
AMPU025.COB ; Cat1; 0.39
AMPU027.COB ; Cat1; 0.39
CAPP003.COB ; Cat1; 0.39
CAPP026.COB ; Cat1; 0.39
CAPP049.COB ; Cat1; 0.39
CAPP070.COB ; Cat1; 0.39
CAPS002.COB ; Cat1; 0.39
CVDC005.COB ; Cat1; 0.39
DABP431.COB ; Cat1; 0.39
HSPB029.COB ; Cat1; 0.39
HSPB035.COB ; Cat1; 0.39
HSPP098.COB ; Cat1; 0.39
LITS505.COB ; Cat1; 0.39
LITS506.COB ; Cat1; 0.39
LITVA31.COB ; Cat1; 0.39
NOAB024.COB ; Cat1; 0.39
NOAB406.COB ; Cat1; 0.39
NOAB582.COB ; Cat1; 0.39
NOAB774.COB ; Cat1; 0.39
NOAB896.COB ; Cat1; 0.39
NOAP007.COB ; Cat1; 0.39
NOAS410.COB ; Cat1; 0.39
NOAS429.COB ; Cat1; 0.39
NOAS904.COB ; Cat1; 0.39
NOAU005.COB ; Cat1; 0.39
NOAU012.COB ; Cat1; 0.39
NOAU152.COB ; Cat1; 0.39
NOAU406.COB ; Cat1; 0.39
NOAU444.COB ; Cat1; 0.39
NOAU459.COB ; Cat1; 0.39
NOAU461.COB ; Cat1; 0.39
NOAU463.COB ; Cat1; 0.39
NOAU512.COB ; Cat1; 0.39
NOAVH28.COB ; Cat1; 0.39
OFCB227.COB ; Cat1; 0.39
OFCB377.COB ; Cat1; 0.39
OFCB790.COB ; Cat1; 0.39
OFCP266.COB ; Cat1; 0.39
OFCP332.COB ; Cat1; 0.39
OFCP393.COB ; Cat1; 0.39
OFCP791.COB ; Cat1; 0.39
OFCS206.COB ; Cat1; 0.39
OFCS209.COB ; Cat1; 0.39
OFCVA05.COB ; Cat1; 0.39
OFCVB10.COB ; Cat1; 0.39
PRCB445.COB ; Cat1; 0.39
PRCB846.COB ; Cat1; 0.39
PRCC050.COB ; Cat1; 0.39
PRCP878.COB ; Cat1; 0.39
PRCS012.COB ; Cat1; 0.39
PRCS014.COB ; Cat1; 0.39
RTCB395.COB ; Cat1; 0.39
RTCB703.COB ; Cat1; 0.39
RTCB726.COB ; Cat1; 0.39
RTCP268.COB ; Cat1; 0.39
RTCP272.COB ; Cat1; 0.39
RTCP392.COB ; Cat1; 0.39
RTRP107.COB ; Cat1; 0.39
RTRP603.COB ; Cat1; 0.39
SDFS004.COB ; Cat1; 0.39
SEFU027.COB ; Cat1; 0.39
SFRB540.COB ; Cat1; 0.39
SFRP681.COB ; Cat1; 0.39
SFRP684.COB ; Cat1; 0.39
SFRP687.COB ; Cat1; 0.39
SOPP306.COB ; Cat1; 0.39
ALCP243.COB ; Cat1; 0.4
ALCP694.COB ; Cat1; 0.4
ALCS028.COB ; Cat1; 0.4
ALCU045.COB ; Cat1; 0.4
ALCU070.COB ; Cat1; 0.4
AMPC130.COB ; Cat1; 0.4
CAPP002.COB ; Cat1; 0.4
CVDP006.COB ; Cat1; 0.4
CVDP008.COB ; Cat1; 0.4
DABB598.COB ; Cat1; 0.4
DABP426.COB ; Cat1; 0.4
DABS020.COB ; Cat1; 0.4
DABS050.COB ; Cat1; 0.4
HSPB033.COB ; Cat1; 0.4
HSPP090.COB ; Cat1; 0.4
LADB400.COB ; Cat1; 0.4
LITB241.COB ; Cat1; 0.4
LITB402.COB ; Cat1; 0.4
NOAB048.COB ; Cat1; 0.4
NOAB059.COB ; Cat1; 0.4
NOAB237.COB ; Cat1; 0.4
NOAB451.COB ; Cat1; 0.4
NOAB584.COB ; Cat1; 0.4
NOAP010.COB ; Cat1; 0.4
NOAP585.COB ; Cat1; 0.4
NOAP702.COB ; Cat2; 0.4
NOAP728.COB ; Cat2; 0.4
NOAP772.COB ; Cat2; 0.4
NOAS122.COB ; Cat2; 0.4
NOAS168.COB ; Cat2; 0.4
NOAS402.COB ; Cat2; 0.4
NOAS413.COB ; Cat2; 0.4
NOAS431.COB ; Cat2; 0.4
NOAS902.COB ; Cat2; 0.4
NOAS905.COB ; Cat2; 0.4
NOAS906.COB ; Cat2; 0.4
NOAU001.COB ; Cat2; 0.4
NOAU044.COB ; Cat2; 0.4
NOAU061.COB ; Cat2; 0.4
NOAU151.COB ; Cat2; 0.4
NOAU153.COB ; Cat2; 0.4
NOAU404.COB ; Cat2; 0.4
NOAU457.COB ; Cat2; 0.4
NOAU559.COB ; Cat2; 0.4
NOAU906.COB ; Cat2; 0.4
NOAVH11.COB ; Cat2; 0.4
NOAVH26.COB ; Cat2; 0.4
OFCB265.COB ; Cat2; 0.4
OFCB391.COB ; Cat2; 0.4
OFCB404.COB ; Cat2; 0.4
OFCP036.COB ; Cat2; 0.4
OFCP277.COB ; Cat2; 0.4
OFCP333.COB ; Cat2; 0.4
OFCP625.COB ; Cat2; 0.4
OFCS314.COB ; Cat2; 0.4
OFCS407.COB ; Cat2; 0.4
OFCVD06.COB ; Cat2; 0.4
PRCB460.COB ; Cat2; 0.4
PRCB883.COB ; Cat2; 0.4
PRCB887.COB ; Cat2; 0.4
PRCC040.COB ; Cat2; 0.4
PRCC051.COB ; Cat2; 0.4
PRCC063.COB ; Cat2; 0.4
PRCP525.COB ; Cat2; 0.4
PRCS027.COB ; Cat2; 0.4
PRCS033.COB ; Cat2; 0.4
PRCU017.COB ; Cat2; 0.4
RTCB011.COB ; Cat2; 0.4
RTCB017.COB ; Cat2; 0.4
RTCP269.COB ; Cat2; 0.4
RTCP270.COB ; Cat2; 0.4
RTCP273.COB ; Cat2; 0.4
RTCU006.COB ; Cat2; 0.4
RTCU018.COB ; Cat2; 0.4
RTCU033.COB ; Cat2; 0.4
RTRP003.COB ; Cat2; 0.4
RTRP110.COB ; Cat2; 0.4
RTRU008.COB ; Cat2; 0.4
SAEP022.COB ; Cat2; 0.4
SEFB050.COB ; Cat2; 0.4
SETC011.COB ; Cat2; 0.4
SETC013.COB ; Cat2; 0.4
SETP300.COB ; Cat2; 0.4
SETS009.COB ; Cat2; 0.4
SFRP515.COB ; Cat2; 0.4
SFRP715.COB ; Cat2; 0.4
SOPP307.COB ; Cat2; 0.4
ALCB213.COB ; Cat2; 0.41
ALCP689.COB ; Cat2; 0.41
ALCP690.COB ; Cat2; 0.41
ALCP936.COB ; Cat2; 0.41
ALCS029.COB ; Cat2; 0.41
ALCS065.COB ; Cat2; 0.41
ALCS066.COB ; Cat2; 0.41
ALCU029.COB ; Cat2; 0.41
AMPB402.COB ; Cat2; 0.41
CAPB087.COB ; Cat2; 0.41
CAPP033.COB ; Cat2; 0.41
CVDB101.COB ; Cat2; 0.41
CVDC010.COB ; Cat2; 0.41
CVDS006.COB ; Cat2; 0.41
DABB101.COB ; Cat2; 0.41
DABB875.COB ; Cat2; 0.41
DABS060.COB ; Cat2; 0.41
DABS070.COB ; Cat2; 0.41
HSAP040.COB ; Cat2; 0.41
HSPP106.COB ; Cat2; 0.41
LITB227.COB ; Cat2; 0.41
LITB305.COB ; Cat2; 0.41
LITS013.COB ; Cat2; 0.41
LITS509.COB ; Cat2; 0.41
LITS511.COB ; Cat2; 0.41
NOAP704.COB ; Cat2; 0.41
NOAP713.COB ; Cat2; 0.41
NOAP877.COB ; Cat2; 0.41
NOAP884.COB ; Cat2; 0.41
NOAU008.COB ; Cat2; 0.41
NOAU036.COB ; Cat2; 0.41
NOAU056.COB ; Cat2; 0.41
NOAU100.COB ; Cat2; 0.41
NOAU432.COB ; Cat2; 0.41
NOAU458.COB ; Cat2; 0.41
NOAU464.COB ; Cat2; 0.41
NOAU560.COB ; Cat2; 0.41
OFCB371.COB ; Cat2; 0.41
OFCS103.COB ; Cat2; 0.41
OFCS210.COB ; Cat2; 0.41
OFCS308.COB ; Cat2; 0.41
OFCU045.COB ; Cat2; 0.41
PRCB320.COB ; Cat2; 0.41
PRCB620.COB ; Cat2; 0.41
PRCB861.COB ; Cat2; 0.41
PRCB863.COB ; Cat2; 0.41
PRCP431.COB ; Cat2; 0.41
PRCP556.COB ; Cat2; 0.41
PRCP911.COB ; Cat2; 0.41
PRCS009.COB ; Cat2; 0.41
PRCS015.COB ; Cat2; 0.41
PRCS050.COB ; Cat2; 0.41
PRCS063.COB ; Cat2; 0.41
PRCU003.COB ; Cat2; 0.41
RTCP271.COB ; Cat2; 0.41
RTCP716.COB ; Cat2; 0.41
RTCP745.COB ; Cat2; 0.41
RTRP130.COB ; Cat2; 0.41
RTRP600.COB ; Cat2; 0.41
SAES001.COB ; Cat2; 0.41
SETP025.COB ; Cat2; 0.41
SFRP102.COB ; Cat2; 0.41
SOPB305.COB ; Cat2; 0.41
SOPP910.COB ; Cat2; 0.41
SOPP915.COB ; Cat2; 0.41
ALCP023.COB ; Cat2; 0.42
ALCP201.COB ; Cat2; 0.42
ALCP680.COB ; Cat2; 0.42
ALCP697.COB ; Cat2; 0.42
ALCU020.COB ; Cat2; 0.42
ALCU022.COB ; Cat2; 0.42
ALCU026.COB ; Cat2; 0.42
AMPP505.COB ; Cat2; 0.42
CAPP001.COB ; Cat2; 0.42
CAPP015.COB ; Cat2; 0.42
CVDB105.COB ; Cat2; 0.42
DABB043.COB ; Cat2; 0.42
DABB072.COB ; Cat2; 0.42
DABB701.COB ; Cat2; 0.42
DABB705.COB ; Cat2; 0.42
DABP115.COB ; Cat2; 0.42
DABP599.COB ; Cat2; 0.42
HSPB025.COB ; Cat2; 0.42
HSPB036.COB ; Cat2; 0.42
LADB200.COB ; Cat2; 0.42
LITB260.COB ; Cat2; 0.42
LITS708.COB ; Cat2; 0.42
NOAB581.COB ; Cat2; 0.42
NOAP132.COB ; Cat2; 0.42
NOAP403.COB ; Cat2; 0.42
NOAP430.COB ; Cat2; 0.42
NOAP587.COB ; Cat2; 0.42
NOAP703.COB ; Cat2; 0.42
NOAP723.COB ; Cat2; 0.42
NOAP725.COB ; Cat2; 0.42
NOAP736.COB ; Cat2; 0.42
NOAP773.COB ; Cat2; 0.42
NOAS124.COB ; Cat2; 0.42
NOAS415.COB ; Cat2; 0.42
NOAS903.COB ; Cat2; 0.42
NOAS917.COB ; Cat2; 0.42
NOAU058.COB ; Cat2; 0.42
NOAU417.COB ; Cat2; 0.42
NOAU430.COB ; Cat2; 0.42
NOAU447.COB ; Cat2; 0.42
NOAU504.COB ; Cat2; 0.42
NOAU547.COB ; Cat2; 0.42
NOAU903.COB ; Cat2; 0.42
NOAU910.COB ; Cat2; 0.42
OFCB370.COB ; Cat2; 0.42
OFCB378.COB ; Cat2; 0.42
OFCB453.COB ; Cat2; 0.42
OFCP041.COB ; Cat2; 0.42
OFCP326.COB ; Cat2; 0.42
OFCP438.COB ; Cat2; 0.42
OFCS313.COB ; Cat2; 0.42
OFCU052.COB ; Cat2; 0.42
PRCB441.COB ; Cat2; 0.42
PRCB462.COB ; Cat2; 0.42
PRCB822.COB ; Cat2; 0.42
PRCB866.COB ; Cat2; 0.42
PRCB900.COB ; Cat2; 0.42
PRCP532.COB ; Cat2; 0.42
PRCP751.COB ; Cat2; 0.42
PRCP816.COB ; Cat2; 0.42
PRCS020.COB ; Cat2; 0.42
PRCS040.COB ; Cat2; 0.42
PRCS056.COB ; Cat2; 0.42
RTCB251.COB ; Cat2; 0.42
RTCB503.COB ; Cat2; 0.42
RTCP055.COB ; Cat2; 0.42
RTCP297.COB ; Cat2; 0.42
RTCP711.COB ; Cat2; 0.42
RTCP718.COB ; Cat2; 0.42
RTCU705.COB ; Cat2; 0.42
RTRB096.COB ; Cat2; 0.42
RTRP032.COB ; Cat2; 0.42
SDFS010.COB ; Cat2; 0.42
SEFB020.COB ; Cat2; 0.42
SETB170.COB ; Cat2; 0.42
SFRP720.COB ; Cat2; 0.42
SOPP700.COB ; Cat2; 0.42
SOPP715.COB ; Cat2; 0.42
SOPP720.COB ; Cat2; 0.42
ALCB581.COB ; Cat2; 0.43
ALCB997.COB ; Cat2; 0.43
ALCP041.COB ; Cat2; 0.43
ALCP071.COB ; Cat2; 0.43
ALCP094.COB ; Cat2; 0.43
ALCP247.COB ; Cat2; 0.43
ALCP552.COB ; Cat2; 0.43
ALCP691.COB ; Cat2; 0.43
ALCP692.COB ; Cat2; 0.43
ALCP707.COB ; Cat2; 0.43
ALCS030.COB ; Cat2; 0.43
ALCU023.COB ; Cat2; 0.43
ALCU065.COB ; Cat2; 0.43
ALCU261.COB ; Cat2; 0.43
CVDB003.COB ; Cat2; 0.43
CVDS007.COB ; Cat2; 0.43
DABP110.COB ; Cat2; 0.43
DABP113.COB ; Cat2; 0.43
DABP114.COB ; Cat2; 0.43
DABP419.COB ; Cat2; 0.43
DABP597.COB ; Cat2; 0.43
DABU014.COB ; Cat2; 0.43
LADP320.COB ; Cat2; 0.43
LITB306.COB ; Cat2; 0.43
LITB401.COB ; Cat2; 0.43
LITS301.COB ; Cat2; 0.43
LITS307.COB ; Cat2; 0.43
LITS311.COB ; Cat2; 0.43
NOAB251.COB ; Cat2; 0.43
NOAB426.COB ; Cat2; 0.43
NOAB778.COB ; Cat2; 0.43
NOAB779.COB ; Cat2; 0.43
NOAB780.COB ; Cat2; 0.43
NOAB781.COB ; Cat2; 0.43
NOAP052.COB ; Cat2; 0.43
NOAP058.COB ; Cat2; 0.43
NOAP146.COB ; Cat2; 0.43
NOAP206.COB ; Cat2; 0.43
NOAP340.COB ; Cat2; 0.43
NOAP705.COB ; Cat2; 0.43
NOAP711.COB ; Cat2; 0.43
NOAP718.COB ; Cat2; 0.43
NOAP729.COB ; Cat2; 0.43
NOAP753.COB ; Cat2; 0.43
NOAS007.COB ; Cat2; 0.43
NOAS010.COB ; Cat2; 0.43
NOAS401.COB ; Cat2; 0.43
NOAS405.COB ; Cat2; 0.43
NOAS428.COB ; Cat2; 0.43
NOAS923.COB ; Cat2; 0.43
NOAU032.COB ; Cat2; 0.43
NOAU041.COB ; Cat2; 0.43
NOAU042.COB ; Cat2; 0.43
NOAU059.COB ; Cat2; 0.43
NOAU104.COB ; Cat2; 0.43
NOAU435.COB ; Cat2; 0.43
NOAU441.COB ; Cat2; 0.43
NOAU448.COB ; Cat2; 0.43
NOAU452.COB ; Cat2; 0.43
NOAU474.COB ; Cat2; 0.43
NOAU477.COB ; Cat2; 0.43
OFCB065.COB ; Cat2; 0.43
OFCP305.COB ; Cat2; 0.43
OFCP306.COB ; Cat2; 0.43
OFCP612.COB ; Cat2; 0.43
OFCP760.COB ; Cat2; 0.43
OFCP795.COB ; Cat2; 0.43
OFCP862.COB ; Cat2; 0.43
OFCS322.COB ; Cat2; 0.43
OFCU009.COB ; Cat2; 0.43
OFCU010.COB ; Cat2; 0.43
PRCB012.COB ; Cat2; 0.43
PRCB610.COB ; Cat2; 0.43
PRCB869.COB ; Cat2; 0.43
PRCB871.COB ; Cat2; 0.43
PRCB988.COB ; Cat2; 0.43
PRCP310.COB ; Cat2; 0.43
PRCP450.COB ; Cat2; 0.43
PRCP509.COB ; Cat2; 0.43
PRCP531.COB ; Cat2; 0.43
PRCP889.COB ; Cat2; 0.43
PRCP944.COB ; Cat2; 0.43
PRCS017.COB ; Cat2; 0.43
PRCS030.COB ; Cat2; 0.43
PRCS064.COB ; Cat2; 0.43
PRCU103.COB ; Cat2; 0.43
RTCP249.COB ; Cat2; 0.43
RTCP394.COB ; Cat2; 0.43
RTCP421.COB ; Cat2; 0.43
RTCU055.COB ; Cat2; 0.43
SAES008.COB ; Cat2; 0.43
SDFP315.COB ; Cat2; 0.43
SDFS001.COB ; Cat2; 0.43
SDFS016.COB ; Cat2; 0.43
SEFP520.COB ; Cat2; 0.43
SETB017.COB ; Cat2; 0.43
SETP215.COB ; Cat2; 0.43
SETP310.COB ; Cat2; 0.43
SETP325.COB ; Cat2; 0.43
SETS001.COB ; Cat2; 0.43
SETS011.COB ; Cat2; 0.43
SFRP099.COB ; Cat2; 0.43
SFRP500.COB ; Cat2; 0.43
SFRP705.COB ; Cat2; 0.43
SFRU003.COB ; Cat2; 0.43
SOPP301.COB ; Cat2; 0.43
SOPP705.COB ; Cat2; 0.43
SOPP710.COB ; Cat2; 0.43
ALCB611.COB ; Cat2; 0.44
ALCP551.COB ; Cat2; 0.44
ALCP558.COB ; Cat2; 0.44
ALCP696.COB ; Cat2; 0.44
ALCP700.COB ; Cat2; 0.44
ALCS024.COB ; Cat2; 0.44
ALCS151.COB ; Cat2; 0.44
CAPB081.COB ; Cat2; 0.44
CAPB082.COB ; Cat2; 0.44
CAPP011.COB ; Cat2; 0.44
CAPP043.COB ; Cat2; 0.44
CAPP064.COB ; Cat2; 0.44
CAPP073.COB ; Cat2; 0.44
CAPS007.COB ; Cat2; 0.44
CVDB002.COB ; Cat2; 0.44
CVDS002.COB ; Cat2; 0.44
DABB603.COB ; Cat2; 0.44
DABB612.COB ; Cat2; 0.44
DABB887.COB ; Cat2; 0.44
DABP108.COB ; Cat2; 0.44
DABP801.COB ; Cat2; 0.44
DABP820.COB ; Cat2; 0.44
HSAU301.COB ; Cat2; 0.44
HSPP097.COB ; Cat2; 0.44
HSPP107.COB ; Cat2; 0.44
L62U200.COB ; Cat2; 0.44
LADP340.COB ; Cat2; 0.44
LEDUW20.COB ; Cat2; 0.44
LITB226.COB ; Cat2; 0.44
LITS600.COB ; Cat2; 0.44
LITS707.COB ; Cat2; 0.44
NOAB023.COB ; Cat2; 0.44
NOAB267.COB ; Cat2; 0.44
NOAB583.COB ; Cat2; 0.44
NOAP027.COB ; Cat2; 0.44
NOAP561.COB ; Cat2; 0.44
NOAP710.COB ; Cat2; 0.44
NOAP721.COB ; Cat2; 0.44
NOAP858.COB ; Cat2; 0.44
NOAP885.COB ; Cat2; 0.44
NOAS403.COB ; Cat2; 0.44
NOAS434.COB ; Cat2; 0.44
NOAS909.COB ; Cat2; 0.44
NOAU006.COB ; Cat2; 0.44
NOAU024.COB ; Cat2; 0.44
NOAU030.COB ; Cat2; 0.44
NOAU047.COB ; Cat2; 0.44
NOAU060.COB ; Cat2; 0.44
NOAU080.COB ; Cat2; 0.44
NOAU219.COB ; Cat2; 0.44
NOAU405.COB ; Cat2; 0.44
NOAU905.COB ; Cat2; 0.44
OFCB293.COB ; Cat2; 0.44
OFCB372.COB ; Cat2; 0.44
OFCB763.COB ; Cat2; 0.44
OFCP042.COB ; Cat2; 0.44
OFCP045.COB ; Cat2; 0.44
OFCP066.COB ; Cat2; 0.44
OFCP310.COB ; Cat2; 0.44
OFCP497.COB ; Cat2; 0.44
OFCS207.COB ; Cat2; 0.44
OFCS307.COB ; Cat2; 0.44
OFCS332.COB ; Cat2; 0.44
OFCU020.COB ; Cat2; 0.44
PRCB090.COB ; Cat2; 0.44
PRCB150.COB ; Cat2; 0.44
PRCB857.COB ; Cat2; 0.44
PRCC102.COB ; Cat2; 0.44
PRCP530.COB ; Cat2; 0.44
PRCS016.COB ; Cat2; 0.44
PRCS052.COB ; Cat2; 0.44
PRCS057.COB ; Cat2; 0.44
PRCS061.COB ; Cat2; 0.44
PRCS062.COB ; Cat2; 0.44
RTCB103.COB ; Cat2; 0.44
RTCB106.COB ; Cat2; 0.44
RTCP150.COB ; Cat2; 0.44
RTCS011.COB ; Cat2; 0.44
RTCS013.COB ; Cat2; 0.44
RTCS015.COB ; Cat2; 0.44
RTCS045.COB ; Cat2; 0.44
RTCU024.COB ; Cat2; 0.44
RTRB097.COB ; Cat2; 0.44
RTRU905.COB ; Cat2; 0.44
SAES005.COB ; Cat2; 0.44
SDFB013.COB ; Cat2; 0.44
SDFP003.COB ; Cat2; 0.44
SDFP006.COB ; Cat2; 0.44
SDFP033.COB ; Cat2; 0.44
SDFS002.COB ; Cat2; 0.44
SDFS005.COB ; Cat2; 0.44
SDFS015.COB ; Cat2; 0.44
SETP024.COB ; Cat2; 0.44
SFRB215.COB ; Cat2; 0.44
SOPP500.COB ; Cat2; 0.44
ALCB756.COB ; Cat2; 0.45
ALCP470.COB ; Cat2; 0.45
ALCP695.COB ; Cat2; 0.45
DABB611.COB ; Cat2; 0.45
DABB825.COB ; Cat2; 0.45
DABP100.COB ; Cat2; 0.45
DABP413.COB ; Cat2; 0.45
DABP423.COB ; Cat2; 0.45
HSPB063.COB ; Cat2; 0.45
HSPP019.COB ; Cat2; 0.45
LADP330.COB ; Cat2; 0.45
LITS603.COB ; Cat2; 0.45
LITU002.COB ; Cat2; 0.45
NOAP202.COB ; Cat2; 0.45
NOAP708.COB ; Cat2; 0.45
NOAP717.COB ; Cat2; 0.45
NOAP722.COB ; Cat2; 0.45
NOAP887.COB ; Cat2; 0.45
NOAS003.COB ; Cat2; 0.45
NOAS016.COB ; Cat2; 0.45
NOAS017.COB ; Cat2; 0.45
NOAS018.COB ; Cat2; 0.45
NOAS266.COB ; Cat2; 0.45
NOAS418.COB ; Cat2; 0.45
NOAS421.COB ; Cat2; 0.45
NOAU014.COB ; Cat2; 0.45
NOAU070.COB ; Cat2; 0.45
NOAU071.COB ; Cat2; 0.45
NOAU234.COB ; Cat2; 0.45
NOAU421.COB ; Cat2; 0.45
NOAU429.COB ; Cat2; 0.45
NOAU438.COB ; Cat2; 0.45
NOAU453.COB ; Cat2; 0.45
NOAU506.COB ; Cat2; 0.45
NOAU901.COB ; Cat2; 0.45
OFCB267.COB ; Cat2; 0.45
OFCB280.COB ; Cat2; 0.45
OFCB494.COB ; Cat2; 0.45
OFCP037.COB ; Cat2; 0.45
OFCP320.COB ; Cat2; 0.45
OFCP530.COB ; Cat2; 0.45
OFCP751.COB ; Cat2; 0.45
OFCP753.COB ; Cat2; 0.45
OFCP863.COB ; Cat2; 0.45
OFCS101.COB ; Cat2; 0.45
OFCS202.COB ; Cat2; 0.45
OFCS205.COB ; Cat2; 0.45
OFCS304.COB ; Cat2; 0.45
OFCS305.COB ; Cat2; 0.45
OFCS330.COB ; Cat2; 0.45
PRCB187.COB ; Cat2; 0.45
PRCB558.COB ; Cat2; 0.45
PRCB880.COB ; Cat2; 0.45
PRCB943.COB ; Cat2; 0.45
PRCP433.COB ; Cat2; 0.45
PRCP730.COB ; Cat2; 0.45
PRCP731.COB ; Cat2; 0.45
PRCS005.COB ; Cat2; 0.45
PRCS060.COB ; Cat2; 0.45
PRCU050.COB ; Cat2; 0.45
RTCB042.COB ; Cat2; 0.45
RTCB048.COB ; Cat2; 0.45
RTCB049.COB ; Cat2; 0.45
RTCB056.COB ; Cat2; 0.45
RTCB250.COB ; Cat2; 0.45
RTCB704.COB ; Cat2; 0.45
RTCP620.COB ; Cat2; 0.45
RTCS012.COB ; Cat2; 0.45
RTCU065.COB ; Cat2; 0.45
RTRU901.COB ; Cat2; 0.45
SAEU002.COB ; Cat2; 0.45
SDFP009.COB ; Cat2; 0.45
SDFP012.COB ; Cat2; 0.45
SEFU800.COB ; Cat2; 0.45
SETS016.COB ; Cat2; 0.45
SETU002.COB ; Cat2; 0.45
SFRP605.COB ; Cat2; 0.45
SFRP760.COB ; Cat2; 0.45
SOPP303.COB ; Cat2; 0.45
ALCB018.COB ; Cat2; 0.46
ALCB233.COB ; Cat2; 0.46
ALCP078.COB ; Cat2; 0.46
ALCP335.COB ; Cat2; 0.46
ALCP666.COB ; Cat2; 0.46
ALCP787.COB ; Cat2; 0.46
ALCS026.COB ; Cat2; 0.46
ALCS027.COB ; Cat2; 0.46
ALCS032.COB ; Cat2; 0.46
ALCS049.COB ; Cat2; 0.46
ALCU051.COB ; Cat2; 0.46
AMPU800.COB ; Cat2; 0.46
CAPP039.COB ; Cat2; 0.46
CVDS003.COB ; Cat2; 0.46
DABB011.COB ; Cat2; 0.46
DABB070.COB ; Cat2; 0.46
DABP721.COB ; Cat2; 0.46
DABP860.COB ; Cat2; 0.46
DABS085.COB ; Cat2; 0.46
HSAP005.COB ; Cat2; 0.46
HSPP034.COB ; Cat2; 0.46
LITS508.COB ; Cat2; 0.46
LITS602.COB ; Cat2; 0.46
LITS706.COB ; Cat2; 0.46
LITU003.COB ; Cat2; 0.46
LITU005.COB ; Cat2; 0.46
NOAB022.COB ; Cat2; 0.46
NOAB131.COB ; Cat2; 0.46
NOAP074.COB ; Cat2; 0.46
NOAP082.COB ; Cat2; 0.46
NOAP199.COB ; Cat2; 0.46
NOAP261.COB ; Cat2; 0.46
NOAP311.COB ; Cat2; 0.46
NOAP431.COB ; Cat2; 0.46
NOAP586.COB ; Cat2; 0.46
NOAP701.COB ; Cat2; 0.46
NOAP883.COB ; Cat2; 0.46
NOAP899.COB ; Cat2; 0.46
NOAS417.COB ; Cat2; 0.46
NOAS419.COB ; Cat2; 0.46
NOAS440.COB ; Cat2; 0.46
NOAU053.COB ; Cat2; 0.46
NOAU107.COB ; Cat2; 0.46
NOAU428.COB ; Cat2; 0.46
NOAU442.COB ; Cat2; 0.46
NOAU443.COB ; Cat2; 0.46
NOAU451.COB ; Cat2; 0.46
NOAU902.COB ; Cat2; 0.46
OFCB379.COB ; Cat2; 0.46
OFCB418.COB ; Cat2; 0.46
OFCB860.COB ; Cat2; 0.46
OFCB984.COB ; Cat2; 0.46
OFCP031.COB ; Cat2; 0.46
OFCP243.COB ; Cat2; 0.46
OFCP323.COB ; Cat2; 0.46
OFCP367.COB ; Cat2; 0.46
OFCP493.COB ; Cat2; 0.46
OFCP532.COB ; Cat2; 0.46
OFCP562.COB ; Cat2; 0.46
OFCS408.COB ; Cat2; 0.46
OFCS409.COB ; Cat2; 0.46
PRCB120.COB ; Cat2; 0.46
PRCB370.COB ; Cat2; 0.46
PRCB942.COB ; Cat2; 0.46
PRCC100.COB ; Cat2; 0.46
PRCP710.COB ; Cat2; 0.46
PRCP711.COB ; Cat2; 0.46
PRCU101.COB ; Cat2; 0.46
PRCU101.COB ; Cat2; 0.46
RTCB043.COB ; Cat2; 0.46
RTCB502.COB ; Cat2; 0.46
RTCB505.COB ; Cat2; 0.46
RTCB715.COB ; Cat2; 0.46
RTCP020.COB ; Cat2; 0.46
RTCP293.COB ; Cat2; 0.46
RTCP601.COB ; Cat2; 0.46
RTCP701.COB ; Cat2; 0.46
RTRP174.COB ; Cat2; 0.46
SDFB016.COB ; Cat2; 0.46
SDFB040.COB ; Cat2; 0.46
SETB054.COB ; Cat2; 0.46
SETS013.COB ; Cat2; 0.46
SETU070.COB ; Cat2; 0.46
SOPP302.COB ; Cat2; 0.46
SOPP310.COB ; Cat2; 0.46
ALCP500.COB ; Cat2; 0.47
ALCP545.COB ; Cat2; 0.47
ALCP559.COB ; Cat2; 0.47
ALCS147.COB ; Cat2; 0.47
ALCU252.COB ; Cat2; 0.47
CAPP012.COB ; Cat2; 0.47
CAPP063.COB ; Cat2; 0.47
CAPS004.COB ; Cat2; 0.47
CAPU004.COB ; Cat2; 0.47
CVDP100.COB ; Cat2; 0.47
DABB751.COB ; Cat2; 0.47
DABP415.COB ; Cat2; 0.47
DABP811.COB ; Cat2; 0.47
HSAU300.COB ; Cat2; 0.47
HSPP017.COB ; Cat2; 0.47
HSPP105.COB ; Cat2; 0.47
LADU200.COB ; Cat2; 0.47
LITB207.COB ; Cat2; 0.47
LITP253.COB ; Cat2; 0.47
LITP922.COB ; Cat2; 0.47
LITS300.COB ; Cat2; 0.47
LITS306.COB ; Cat2; 0.47
LITS512.COB ; Cat2; 0.47
LITS702.COB ; Cat2; 0.47
LITS704.COB ; Cat2; 0.47
LITU004.COB ; Cat2; 0.47
NOAB021.COB ; Cat2; 0.47
NOAB410.COB ; Cat2; 0.47
NOAB412.COB ; Cat2; 0.47
NOAP073.COB ; Cat2; 0.47
NOAP240.COB ; Cat3; 0.47
NOAP300.COB ; Cat3; 0.47
NOAP727.COB ; Cat3; 0.47
NOAS001.COB ; Cat3; 0.47
NOAS026.COB ; Cat3; 0.47
NOAS066.COB ; Cat3; 0.47
NOAS422.COB ; Cat3; 0.47
NOAS426.COB ; Cat3; 0.47
NOAS432.COB ; Cat3; 0.47
NOAS439.COB ; Cat3; 0.47
NOAS908.COB ; Cat3; 0.47
NOAU004.COB ; Cat3; 0.47
NOAU021.COB ; Cat3; 0.47
NOAU233.COB ; Cat3; 0.47
NOAU460.COB ; Cat3; 0.47
NOAU467.COB ; Cat3; 0.47
NOAU529.COB ; Cat3; 0.47
OFCB222.COB ; Cat3; 0.47
OFCB223.COB ; Cat3; 0.47
OFCB389.COB ; Cat3; 0.47
OFCB402.COB ; Cat3; 0.47
OFCP039.COB ; Cat3; 0.47
OFCP318.COB ; Cat3; 0.47
OFCP466.COB ; Cat3; 0.47
OFCP533.COB ; Cat3; 0.47
OFCP792.COB ; Cat3; 0.47
OFCP794.COB ; Cat3; 0.47
OFCS105.COB ; Cat3; 0.47
OFCS107.COB ; Cat3; 0.47
OFCU043.COB ; Cat3; 0.47
PRCB186.COB ; Cat3; 0.47
PRCB442.COB ; Cat3; 0.47
PRCB500.COB ; Cat3; 0.47
PRCB885.COB ; Cat3; 0.47
PRCP523.COB ; Cat3; 0.47
RTCB257.COB ; Cat3; 0.47
RTCB707.COB ; Cat3; 0.47
RTCB714.COB ; Cat3; 0.47
RTCP079.COB ; Cat3; 0.47
RTCS010.COB ; Cat3; 0.47
RTCU017.COB ; Cat3; 0.47
RTCU025.COB ; Cat3; 0.47
SAES004.COB ; Cat3; 0.47
SAES007.COB ; Cat3; 0.47
SFRP098.COB ; Cat3; 0.47
SFRP505.COB ; Cat3; 0.47
SFRP520.COB ; Cat3; 0.47
ALCB234.COB ; Cat3; 0.48
ALCB618.COB ; Cat3; 0.48
ALCB619.COB ; Cat3; 0.48
ALCB683.COB ; Cat3; 0.48
ALCP544.COB ; Cat3; 0.48
ALCP704.COB ; Cat3; 0.48
ALCS048.COB ; Cat3; 0.48
ALCS246.COB ; Cat3; 0.48
ALCS247.COB ; Cat3; 0.48
ALCU071.COB ; Cat3; 0.48
ALCU262.COB ; Cat3; 0.48
ALCU263.COB ; Cat3; 0.48
ALCU264.COB ; Cat3; 0.48
ALCU265.COB ; Cat3; 0.48
CAPB083.COB ; Cat3; 0.48
CAPP086.COB ; Cat3; 0.48
CAPS003.COB ; Cat3; 0.48
CAPS006.COB ; Cat3; 0.48
CVDB004.COB ; Cat3; 0.48
DABB071.COB ; Cat3; 0.48
DABB103.COB ; Cat3; 0.48
DABB740.COB ; Cat3; 0.48
DABB743.COB ; Cat3; 0.48
DABB748.COB ; Cat3; 0.48
DABP102.COB ; Cat3; 0.48
DABP141.COB ; Cat3; 0.48
DABP414.COB ; Cat3; 0.48
DABP421.COB ; Cat3; 0.48
DABP422.COB ; Cat3; 0.48
DABU005.COB ; Cat3; 0.48
HSAB050.COB ; Cat3; 0.48
HSPP069.COB ; Cat3; 0.48
LADS010.COB ; Cat3; 0.48
LITP100.COB ; Cat3; 0.48
LITS014.COB ; Cat3; 0.48
LITS019.COB ; Cat3; 0.48
LITS200.COB ; Cat3; 0.48
LITS304.COB ; Cat3; 0.48
LITS316.COB ; Cat3; 0.48
NOAB122.COB ; Cat3; 0.48
NOAB167.COB ; Cat3; 0.48
NOAB407.COB ; Cat3; 0.48
NOAP001.COB ; Cat3; 0.48
NOAP054.COB ; Cat3; 0.48
NOAP220.COB ; Cat3; 0.48
NOAP414.COB ; Cat3; 0.48
NOAP438.COB ; Cat3; 0.48
NOAP720.COB ; Cat3; 0.48
NOAP734.COB ; Cat3; 0.48
NOAP853.COB ; Cat3; 0.48
NOAS004.COB ; Cat3; 0.48
NOAS027.COB ; Cat3; 0.48
NOAS412.COB ; Cat3; 0.48
NOAS912.COB ; Cat3; 0.48
NOAU074.COB ; Cat3; 0.48
NOAU154.COB ; Cat3; 0.48
NOAU427.COB ; Cat3; 0.48
NOAU470.COB ; Cat3; 0.48
NOAU482.COB ; Cat3; 0.48
NOAU536.COB ; Cat3; 0.48
NOAU537.COB ; Cat3; 0.48
OFCB375.COB ; Cat3; 0.48
OFCB506.COB ; Cat3; 0.48
OFCP274.COB ; Cat3; 0.48
OFCP327.COB ; Cat3; 0.48
OFCP534.COB ; Cat3; 0.48
OFCP601.COB ; Cat3; 0.48
OFCP864.COB ; Cat3; 0.48
OFCS303.COB ; Cat3; 0.48
OFCS331.COB ; Cat3; 0.48
OFCU025.COB ; Cat3; 0.48
PRCB506.COB ; Cat3; 0.48
PRCP513.COB ; Cat3; 0.48
PRCS008.COB ; Cat3; 0.48
PRCS041.COB ; Cat3; 0.48
PRCU060.COB ; Cat3; 0.48
RTCB010.COB ; Cat3; 0.48
RTCB205.COB ; Cat3; 0.48
RTCB628.COB ; Cat3; 0.48
RTCP059.COB ; Cat3; 0.48
RTCP741.COB ; Cat3; 0.48
RTCS125.COB ; Cat3; 0.48
RTCS135.COB ; Cat3; 0.48
RTCS136.COB ; Cat3; 0.48
RTCS137.COB ; Cat3; 0.48
RTCU002.COB ; Cat3; 0.48
RTRS002.COB ; Cat3; 0.48
RTRU026.COB ; Cat3; 0.48
SDFP023.COB ; Cat3; 0.48
SETB002.COB ; Cat3; 0.48
SETB050.COB ; Cat3; 0.48
SETB072.COB ; Cat3; 0.48
SETU001.COB ; Cat3; 0.48
SETU900.COB ; Cat3; 0.48
SFRP101.COB ; Cat3; 0.48
ALCB486.COB ; Cat3; 0.49
ALCB649.COB ; Cat3; 0.49
ALCP079.COB ; Cat3; 0.49
ALCP206.COB ; Cat3; 0.49
ALCP242.COB ; Cat3; 0.49
ALCP250.COB ; Cat3; 0.49
ALCP424.COB ; Cat3; 0.49
ALCP610.COB ; Cat3; 0.49
AMPB500.COB ; Cat3; 0.49
CAPP028.COB ; Cat3; 0.49
CVDP005.COB ; Cat3; 0.49
CVDP009.COB ; Cat3; 0.49
DABB026.COB ; Cat3; 0.49
DABB222.COB ; Cat3; 0.49
DABB734.COB ; Cat3; 0.49
DABB739.COB ; Cat3; 0.49
LADU100.COB ; Cat3; 0.49
LITP300.COB ; Cat3; 0.49
LITS015.COB ; Cat3; 0.49
LITS017.COB ; Cat3; 0.49
LITS312.COB ; Cat3; 0.49
LITS313.COB ; Cat3; 0.49
LITS601.COB ; Cat3; 0.49
LITS709.COB ; Cat3; 0.49
LITS904.COB ; Cat3; 0.49
NOAB005.COB ; Cat3; 0.49
NOAB119.COB ; Cat3; 0.49
NOAB125.COB ; Cat3; 0.49
NOAB127.COB ; Cat3; 0.49
NOAB227.COB ; Cat3; 0.49
NOAB408.COB ; Cat3; 0.49
NOAB411.COB ; Cat3; 0.49
NOAB425.COB ; Cat3; 0.49
NOAP216.COB ; Cat3; 0.49
NOAP230.COB ; Cat3; 0.49
NOAP732.COB ; Cat3; 0.49
NOAP856.COB ; Cat3; 0.49
NOAP875.COB ; Cat3; 0.49
NOAP889.COB ; Cat3; 0.49
NOAS013.COB ; Cat3; 0.49
NOAS014.COB ; Cat3; 0.49
NOAS015.COB ; Cat3; 0.49
NOAS029.COB ; Cat3; 0.49
NOAS032.COB ; Cat3; 0.49
NOAS411.COB ; Cat3; 0.49
NOAS416.COB ; Cat3; 0.49
NOAS922.COB ; Cat3; 0.49
NOAS925.COB ; Cat3; 0.49
NOAU416.COB ; Cat3; 0.49
NOAU436.COB ; Cat3; 0.49
NOAU466.COB ; Cat3; 0.49
NOAVH19.COB ; Cat3; 0.49
NOAVH42.COB ; Cat3; 0.49
OFCB388.COB ; Cat3; 0.49
OFCB501.COB ; Cat3; 0.49
OFCB504.COB ; Cat3; 0.49
OFCP247.COB ; Cat3; 0.49
OFCP761.COB ; Cat3; 0.49
OFCP865.COB ; Cat3; 0.49
OFCS102.COB ; Cat3; 0.49
OFCS203.COB ; Cat3; 0.49
OFCS211.COB ; Cat3; 0.49
OFCS311.COB ; Cat3; 0.49
OFCS324.COB ; Cat3; 0.49
OFCS328.COB ; Cat3; 0.49
OFCS405.COB ; Cat3; 0.49
PRCB021.COB ; Cat3; 0.49
PRCB050.COB ; Cat3; 0.49
PRCS028.COB ; Cat3; 0.49
PRCU026.COB ; Cat3; 0.49
RTCB034.COB ; Cat3; 0.49
RTCB153.COB ; Cat3; 0.49
RTCB605.COB ; Cat3; 0.49
RTCB606.COB ; Cat3; 0.49
RTCB608.COB ; Cat3; 0.49
RTCB630.COB ; Cat3; 0.49
RTCB631.COB ; Cat3; 0.49
RTCB731.COB ; Cat3; 0.49
RTCP026.COB ; Cat3; 0.49
RTCP274.COB ; Cat3; 0.49
RTCP737.COB ; Cat3; 0.49
RTCP738.COB ; Cat3; 0.49
RTCS126.COB ; Cat3; 0.49
RTCS133.COB ; Cat3; 0.49
SDFP017.COB ; Cat3; 0.49
SDFP020.COB ; Cat3; 0.49
SDFP026.COB ; Cat3; 0.49
SEFU001.COB ; Cat3; 0.49
SFRP683.COB ; Cat3; 0.49
SFRP686.COB ; Cat3; 0.49
SOPP304.COB ; Cat3; 0.49
ALCB232.COB ; Cat3; 0.5
ALCB682.COB ; Cat3; 0.5
ALCP667.COB ; Cat3; 0.5
ALCS070.COB ; Cat3; 0.5
ALCS146.COB ; Cat3; 0.5
ALCU067.COB ; Cat3; 0.5
ALCU069.COB ; Cat3; 0.5
CAPP014.COB ; Cat3; 0.5
CVDB010.COB ; Cat3; 0.5
DABB745.COB ; Cat3; 0.5
DABB746.COB ; Cat3; 0.5
DABB747.COB ; Cat3; 0.5
DABP613.COB ; Cat3; 0.5
HSAP004.COB ; Cat3; 0.5
LADP100.COB ; Cat3; 0.5
LADP110.COB ; Cat3; 0.5
LADS011.COB ; Cat3; 0.5
LADU300.COB ; Cat3; 0.5
LEDBW10.COB ; Cat3; 0.5
LITB150.COB ; Cat3; 0.5
LITP216.COB ; Cat3; 0.5
LITP920.COB ; Cat3; 0.5
LITS018.COB ; Cat3; 0.5
LITS201.COB ; Cat3; 0.5
LITS400.COB ; Cat3; 0.5
LITS703.COB ; Cat3; 0.5
NOAP187.COB ; Cat3; 0.5
NOAP212.COB ; Cat3; 0.5
NOAP434.COB ; Cat3; 0.5
NOAP850.COB ; Cat3; 0.5
NOAP879.COB ; Cat3; 0.5
NOAS006.COB ; Cat3; 0.5
NOAS022.COB ; Cat3; 0.5
NOAS023.COB ; Cat3; 0.5
NOAS024.COB ; Cat3; 0.5
NOAS065.COB ; Cat3; 0.5
NOAS420.COB ; Cat3; 0.5
NOAS436.COB ; Cat3; 0.5
NOAU037.COB ; Cat3; 0.5
NOAU049.COB ; Cat3; 0.5
NOAU409.COB ; Cat3; 0.5
NOAU455.COB ; Cat3; 0.5
NOAU904.COB ; Cat3; 0.5
OFCB073.COB ; Cat3; 0.5
OFCB496.COB ; Cat3; 0.5
OFCP286.COB ; Cat3; 0.5
OFCP321.COB ; Cat3; 0.5
OFCP330.COB ; Cat3; 0.5
OFCP430.COB ; Cat3; 0.5
OFCP455.COB ; Cat3; 0.5
OFCP473.COB ; Cat3; 0.5
OFCP492.COB ; Cat3; 0.5
OFCP755.COB ; Cat3; 0.5
OFCP796.COB ; Cat3; 0.5
OFCP800.COB ; Cat3; 0.5
OFCS310.COB ; Cat3; 0.5
OFCS318.COB ; Cat3; 0.5
OFCS406.COB ; Cat3; 0.5
PRCB031.COB ; Cat3; 0.5
PRCB185.COB ; Cat3; 0.5
PRCB507.COB ; Cat3; 0.5
PRCB805.COB ; Cat3; 0.5
PRCB945.COB ; Cat3; 0.5
PRCP864.COB ; Cat3; 0.5
RTCB016.COB ; Cat3; 0.5
RTCB520.COB ; Cat3; 0.5
RTCB523.COB ; Cat3; 0.5
RTCB527.COB ; Cat3; 0.5
RTCS016.COB ; Cat3; 0.5
RTCS121.COB ; Cat3; 0.5
RTCS123.COB ; Cat3; 0.5
RTCS131.COB ; Cat3; 0.5
RTCS132.COB ; Cat3; 0.5
RTCS134.COB ; Cat3; 0.5
RTCS138.COB ; Cat3; 0.5
SETB051.COB ; Cat3; 0.5
SETP031.COB ; Cat3; 0.5
SFRP083.COB ; Cat3; 0.5
SFRP550.COB ; Cat3; 0.5
SOPP205.COB ; Cat3; 0.5
ALCB582.COB ; Cat3; 0.51
ALCB665.COB ; Cat3; 0.51
ALCP259.COB ; Cat3; 0.51
ALCP422.COB ; Cat3; 0.51
ALCS150.COB ; Cat3; 0.51
ALCS242.COB ; Cat3; 0.51
ALCS250.COB ; Cat3; 0.51
ALCS251.COB ; Cat3; 0.51
CAPP022.COB ; Cat3; 0.51
CVDB011.COB ; Cat3; 0.51
CVDP007.COB ; Cat3; 0.51
DABB741.COB ; Cat3; 0.51
DABP012.COB ; Cat3; 0.51
DABP733.COB ; Cat3; 0.51
DABP851.COB ; Cat3; 0.51
DABS005.COB ; Cat3; 0.51
HSAS300.COB ; Cat3; 0.51
LADP420.COB ; Cat3; 0.51
LEDBW20.COB ; Cat3; 0.51
LEDS001.COB ; Cat3; 0.51
LITP921.COB ; Cat3; 0.51
LITS405.COB ; Cat3; 0.51
LITS900.COB ; Cat3; 0.51
NOAB188.COB ; Cat3; 0.51
NOAP075.COB ; Cat3; 0.51
NOAP190.COB ; Cat3; 0.51
NOAP209.COB ; Cat3; 0.51
NOAP245.COB ; Cat3; 0.51
NOAP269.COB ; Cat3; 0.51
NOAP437.COB ; Cat3; 0.51
NOAP752.COB ; Cat3; 0.51
NOAP882.COB ; Cat3; 0.51
NOAS012.COB ; Cat3; 0.51
NOAS036.COB ; Cat3; 0.51
NOAS038.COB ; Cat3; 0.51
NOAS040.COB ; Cat3; 0.51
NOAS060.COB ; Cat3; 0.51
NOAS061.COB ; Cat3; 0.51
NOAS433.COB ; Cat3; 0.51
NOAS602.COB ; Cat3; 0.51
NOAS604.COB ; Cat3; 0.51
NOAS914.COB ; Cat3; 0.51
NOAS918.COB ; Cat3; 0.51
NOAU468.COB ; Cat3; 0.51
NOAU907.COB ; Cat3; 0.51
OFCB019.COB ; Cat3; 0.51
OFCB498.COB ; Cat3; 0.51
OFCB904.COB ; Cat3; 0.51
OFCP013.COB ; Cat3; 0.51
OFCP054.COB ; Cat3; 0.51
OFCP288.COB ; Cat3; 0.51
OFCP477.COB ; Cat3; 0.51
OFCP764.COB ; Cat3; 0.51
OFCP767.COB ; Cat3; 0.51
OFCU021.COB ; Cat3; 0.51
PRCB134.COB ; Cat3; 0.51
PRCB182.COB ; Cat3; 0.51
PRCB444.COB ; Cat3; 0.51
PRCP432.COB ; Cat3; 0.51
PRCP443.COB ; Cat3; 0.51
PRCS053.COB ; Cat3; 0.51
PRCU009.COB ; Cat3; 0.51
PRCU020.COB ; Cat3; 0.51
RTCB525.COB ; Cat3; 0.51
RTCB607.COB ; Cat3; 0.51
RTCB732.COB ; Cat3; 0.51
RTCP156.COB ; Cat3; 0.51
RTCP237.COB ; Cat3; 0.51
RTCP404.COB ; Cat3; 0.51
RTCP710.COB ; Cat3; 0.51
RTCS014.COB ; Cat3; 0.51
RTCS122.COB ; Cat3; 0.51
RTCS124.COB ; Cat3; 0.51
SETB070.COB ; Cat3; 0.51
SETU004.COB ; Cat3; 0.51
SETU010.COB ; Cat3; 0.51
SFRS001.COB ; Cat3; 0.51
SOPP402.COB ; Cat3; 0.51
SOPP415.COB ; Cat3; 0.51
ALCB527.COB ; Cat3; 0.52
ALCP095.COB ; Cat3; 0.52
ALCP244.COB ; Cat3; 0.52
ALCP505.COB ; Cat3; 0.52
ALCS244.COB ; Cat3; 0.52
ALCS248.COB ; Cat3; 0.52
ALCU028.COB ; Cat3; 0.52
ALCU061.COB ; Cat3; 0.52
ALCU062.COB ; Cat3; 0.52
CAPS005.COB ; Cat3; 0.52
CVDS001.COB ; Cat3; 0.52
CVDU002.COB ; Cat3; 0.52
DABB600.COB ; Cat3; 0.52
DABB749.COB ; Cat3; 0.52
DABB750.COB ; Cat3; 0.52
HSPS302.COB ; Cat3; 0.52
L62P261.COB ; Cat3; 0.52
LITP923.COB ; Cat3; 0.52
LITS315.COB ; Cat3; 0.52
LITS705.COB ; Cat3; 0.52
NOAB004.COB ; Cat3; 0.52
NOAB124.COB ; Cat3; 0.52
NOAP050.COB ; Cat3; 0.52
NOAP313.COB ; Cat3; 0.52
NOAP436.COB ; Cat3; 0.52
NOAP709.COB ; Cat3; 0.52
NOAP726.COB ; Cat3; 0.52
NOAP730.COB ; Cat3; 0.52
NOAP740.COB ; Cat3; 0.52
NOAP777.COB ; Cat3; 0.52
NOAS005.COB ; Cat3; 0.52
NOAS008.COB ; Cat3; 0.52
NOAS019.COB ; Cat3; 0.52
NOAS037.COB ; Cat3; 0.52
NOAS063.COB ; Cat3; 0.52
NOAS143.COB ; Cat3; 0.52
NOAS437.COB ; Cat3; 0.52
NOAVH16.COB ; Cat3; 0.52
OFCP070.COB ; Cat3; 0.52
OFCP071.COB ; Cat3; 0.52
OFCP417.COB ; Cat3; 0.52
OFCP423.COB ; Cat3; 0.52
OFCP458.COB ; Cat3; 0.52
OFCP531.COB ; Cat3; 0.52
OFCP614.COB ; Cat3; 0.52
OFCP799.COB ; Cat3; 0.52
PRCB188.COB ; Cat3; 0.52
PRCB868.COB ; Cat3; 0.52
PRCP430.COB ; Cat3; 0.52
PRCP817.COB ; Cat3; 0.52
RTCB532.COB ; Cat3; 0.52
RTCP279.COB ; Cat3; 0.52
RTCP719.COB ; Cat3; 0.52
RTCP721.COB ; Cat3; 0.52
SDFP305.COB ; Cat3; 0.52
SDFP310.COB ; Cat3; 0.52
SEFB185.COB ; Cat3; 0.52
SETU910.COB ; Cat3; 0.52
SOPP210.COB ; Cat3; 0.52
ALCP209.COB ; Cat3; 0.53
ALCP421.COB ; Cat3; 0.53
ALCS152.COB ; Cat3; 0.53
ALCU052.COB ; Cat3; 0.53
CVDB202.COB ; Cat3; 0.53
DABB752.COB ; Cat3; 0.53
DABP441.COB ; Cat3; 0.53
LADP310.COB ; Cat3; 0.53
LEDBW40.COB ; Cat3; 0.53
LITP105.COB ; Cat3; 0.53
LITP165.COB ; Cat3; 0.53
LITP170.COB ; Cat3; 0.53
LITP255.COB ; Cat3; 0.53
LITS309.COB ; Cat3; 0.53
LITS701.COB ; Cat3; 0.53
NOAP002.COB ; Cat3; 0.53
NOAP032.COB ; Cat3; 0.53
NOAP051.COB ; Cat3; 0.53
NOAP200.COB ; Cat3; 0.53
NOAP244.COB ; Cat3; 0.53
NOAP258.COB ; Cat3; 0.53
NOAP893.COB ; Cat3; 0.53
NOAS009.COB ; Cat3; 0.53
NOAS020.COB ; Cat3; 0.53
NOAS035.COB ; Cat3; 0.53
NOAS039.COB ; Cat3; 0.53
NOAS064.COB ; Cat3; 0.53
NOAS142.COB ; Cat3; 0.53
NOAS427.COB ; Cat3; 0.53
NOAS430.COB ; Cat3; 0.53
NOAU052.COB ; Cat3; 0.53
NOAU065.COB ; Cat3; 0.53
NOAU131.COB ; Cat3; 0.53
NOAU433.COB ; Cat3; 0.53
NOAU538.COB ; Cat3; 0.53
OFCB260.COB ; Cat3; 0.53
OFCB503.COB ; Cat3; 0.53
OFCB510.COB ; Cat3; 0.53
OFCP023.COB ; Cat3; 0.53
OFCP294.COB ; Cat3; 0.53
OFCP307.COB ; Cat3; 0.53
OFCP316.COB ; Cat3; 0.53
OFCP765.COB ; Cat3; 0.53
OFCP867.COB ; Cat3; 0.53
OFCS301.COB ; Cat3; 0.53
OFCS319.COB ; Cat3; 0.53
OFCS334.COB ; Cat3; 0.53
OFCU019.COB ; Cat3; 0.53
OFCVC31.COB ; Cat3; 0.53
PRCB183.COB ; Cat3; 0.53
PRCP524.COB ; Cat3; 0.53
PRCS022.COB ; Cat3; 0.53
PRCS051.COB ; Cat3; 0.53
RTCB521.COB ; Cat3; 0.53
RTCB522.COB ; Cat3; 0.53
RTCB526.COB ; Cat3; 0.53
RTCP405.COB ; Cat3; 0.53
RTCP407.COB ; Cat3; 0.53
RTCP603.COB ; Cat3; 0.53
RTCS033.COB ; Cat3; 0.53
SEFU602.COB ; Cat3; 0.53
SETB001.COB ; Cat3; 0.53
SETP035.COB ; Cat3; 0.53
SETP150.COB ; Cat3; 0.53
SETS014.COB ; Cat3; 0.53
SETU011.COB ; Cat3; 0.53
SFRP054.COB ; Cat3; 0.53
SOPP410.COB ; Cat3; 0.53
SOPP420.COB ; Cat3; 0.53
ALCB583.COB ; Cat3; 0.54
ALCP076.COB ; Cat3; 0.54
ALCP703.COB ; Cat3; 0.54
ALCS241.COB ; Cat3; 0.54
ALCU036.COB ; Cat3; 0.54
CAPP013.COB ; Cat3; 0.54
CVDP102.COB ; Cat3; 0.54
DABB732.COB ; Cat3; 0.54
DABP111.COB ; Cat3; 0.54
DABP112.COB ; Cat3; 0.54
DABP217.COB ; Cat3; 0.54
DABP437.COB ; Cat3; 0.54
DABP725.COB ; Cat3; 0.54
DABP726.COB ; Cat3; 0.54
DABP728.COB ; Cat3; 0.54
DABP731.COB ; Cat3; 0.54
HSAP060.COB ; Cat3; 0.54
HSPP031.COB ; Cat3; 0.54
LITB125.COB ; Cat3; 0.54
LITP240.COB ; Cat3; 0.54
LITP252.COB ; Cat3; 0.54
LITP258.COB ; Cat3; 0.54
LITP420.COB ; Cat3; 0.54
LITS021.COB ; Cat3; 0.54
LITS302.COB ; Cat3; 0.54
LITS402.COB ; Cat3; 0.54
LITS406.COB ; Cat3; 0.54
NOAB030.COB ; Cat3; 0.54
NOAP118.COB ; Cat3; 0.54
NOAP309.COB ; Cat3; 0.54
NOAP317.COB ; Cat3; 0.54
NOAP318.COB ; Cat3; 0.54
NOAP872.COB ; Cat3; 0.54
NOAP873.COB ; Cat3; 0.54
NOAS021.COB ; Cat3; 0.54
NOAS028.COB ; Cat3; 0.54
NOAS030.COB ; Cat3; 0.54
NOAS033.COB ; Cat3; 0.54
NOAS062.COB ; Cat3; 0.54
NOAS414.COB ; Cat3; 0.54
NOAS441.COB ; Cat3; 0.54
NOAS442.COB ; Cat3; 0.54
NOAS924.COB ; Cat3; 0.54
NOAU027.COB ; Cat3; 0.54
NOAU105.COB ; Cat3; 0.54
NOAU106.COB ; Cat3; 0.54
NOAU437.COB ; Cat3; 0.54
NOAU439.COB ; Cat3; 0.54
NOAU469.COB ; Cat3; 0.54
OFCB505.COB ; Cat3; 0.54
OFCP331.COB ; Cat3; 0.54
OFCP403.COB ; Cat3; 0.54
OFCP454.COB ; Cat3; 0.54
OFCP480.COB ; Cat3; 0.54
OFCS106.COB ; Cat3; 0.54
OFCS309.COB ; Cat3; 0.54
OFCS333.COB ; Cat3; 0.54
OFCS403.COB ; Cat3; 0.54
OFCS404.COB ; Cat3; 0.54
OFCU013.COB ; Cat3; 0.54
OFCVD11.COB ; Cat3; 0.54
PRCP067.COB ; Cat3; 0.54
PRCP715.COB ; Cat3; 0.54
PRCP756.COB ; Cat3; 0.54
RTCB102.COB ; Cat3; 0.54
RTCB105.COB ; Cat3; 0.54
RTCB524.COB ; Cat3; 0.54
RTCB533.COB ; Cat3; 0.54
RTCB629.COB ; Cat3; 0.54
RTCP747.COB ; Cat3; 0.54
RTCP753.COB ; Cat3; 0.54
SEFB186.COB ; Cat3; 0.54
SEFU601.COB ; Cat3; 0.54
ALCB659.COB ; Cat3; 0.55
ALCP215.COB ; Cat3; 0.55
CVDP103.COB ; Cat3; 0.55
DABP225.COB ; Cat3; 0.55
DABP727.COB ; Cat3; 0.55
HSPP087.COB ; Cat3; 0.55
LEDBW30.COB ; Cat3; 0.55
LITS310.COB ; Cat3; 0.55
LITS320.COB ; Cat3; 0.55
LITU001.COB ; Cat3; 0.55
NOAB129.COB ; Cat4; 0.55
NOAB401.COB ; Cat4; 0.55
NOAB409.COB ; Cat4; 0.55
NOAP072.COB ; Cat4; 0.55
NOAP255.COB ; Cat4; 0.55
NOAP306.COB ; Cat4; 0.55
NOAP314.COB ; Cat4; 0.55
NOAP731.COB ; Cat4; 0.55
NOAS423.COB ; Cat4; 0.55
NOAS425.COB ; Cat4; 0.55
NOAS435.COB ; Cat4; 0.55
NOAS438.COB ; Cat4; 0.55
NOAS603.COB ; Cat4; 0.55
NOAS916.COB ; Cat4; 0.55
NOAS921.COB ; Cat4; 0.55
NOAU161.COB ; Cat4; 0.55
NOAU445.COB ; Cat4; 0.55
NOAVH20.COB ; Cat4; 0.55
OFCB252.COB ; Cat4; 0.55
OFCP072.COB ; Cat4; 0.55
OFCP317.COB ; Cat4; 0.55
OFCP322.COB ; Cat4; 0.55
OFCP324.COB ; Cat4; 0.55
OFCP610.COB ; Cat4; 0.55
OFCP620.COB ; Cat4; 0.55
OFCP766.COB ; Cat4; 0.55
OFCP798.COB ; Cat4; 0.55
OFCP973.COB ; Cat4; 0.55
OFCU006.COB ; Cat4; 0.55
PRCP420.COB ; Cat4; 0.55
PRCP435.COB ; Cat4; 0.55
PRCP508.COB ; Cat4; 0.55
PRCU805.COB ; Cat4; 0.55
RTCB108.COB ; Cat4; 0.55
RTCB113.COB ; Cat4; 0.55
RTCB530.COB ; Cat4; 0.55
RTCB733.COB ; Cat4; 0.55
RTCB734.COB ; Cat4; 0.55
RTCP025.COB ; Cat4; 0.55
SEFU603.COB ; Cat4; 0.55
ALCB517.COB ; Cat4; 0.56
ALCP083.COB ; Cat4; 0.56
ALCP090.COB ; Cat4; 0.56
ALCP120.COB ; Cat4; 0.56
ALCP202.COB ; Cat4; 0.56
ALCP298.COB ; Cat4; 0.56
ALCP342.COB ; Cat4; 0.56
ALCP519.COB ; Cat4; 0.56
ALCP540.COB ; Cat4; 0.56
ALCP705.COB ; Cat4; 0.56
AMPS001.COB ; Cat4; 0.56
CAPP061.COB ; Cat4; 0.56
CVDS004.COB ; Cat4; 0.56
DABB753.COB ; Cat4; 0.56
DABP117.COB ; Cat4; 0.56
DABP435.COB ; Cat4; 0.56
DABP722.COB ; Cat4; 0.56
DABU500.COB ; Cat4; 0.56
LEDP154.COB ; Cat4; 0.56
LITS318.COB ; Cat4; 0.56
LITS401.COB ; Cat4; 0.56
NOAP168.COB ; Cat4; 0.56
NOAP238.COB ; Cat4; 0.56
NOAP504.COB ; Cat4; 0.56
NOAP505.COB ; Cat4; 0.56
NOAS011.COB ; Cat4; 0.56
NOAS031.COB ; Cat4; 0.56
NOAS265.COB ; Cat4; 0.56
NOAS424.COB ; Cat4; 0.56
NOAS907.COB ; Cat4; 0.56
NOAS920.COB ; Cat4; 0.56
NOAU038.COB ; Cat4; 0.56
NOAU050.COB ; Cat4; 0.56
OFCB290.COB ; Cat4; 0.56
OFCB297.COB ; Cat4; 0.56
OFCB373.COB ; Cat4; 0.56
OFCP219.COB ; Cat4; 0.56
OFCP237.COB ; Cat4; 0.56
OFCP273.COB ; Cat4; 0.56
OFCP311.COB ; Cat4; 0.56
OFCP400.COB ; Cat4; 0.56
OFCP483.COB ; Cat4; 0.56
OFCP553.COB ; Cat4; 0.56
OFCP600.COB ; Cat4; 0.56
OFCP871.COB ; Cat4; 0.56
OFCS108.COB ; Cat4; 0.56
OFCS410.COB ; Cat4; 0.56
PRCP410.COB ; Cat4; 0.56
PRCU100.COB ; Cat4; 0.56
RTCP083.COB ; Cat4; 0.56
RTCP264.COB ; Cat4; 0.56
RTCP406.COB ; Cat4; 0.56
RTCP720.COB ; Cat4; 0.56
RTCS032.COB ; Cat4; 0.56
RTCU034.COB ; Cat4; 0.56
SETS010.COB ; Cat4; 0.56
SETU006.COB ; Cat4; 0.56
ALCS141.COB ; Cat4; 0.57
ALCS142.COB ; Cat4; 0.57
ALCU027.COB ; Cat4; 0.57
ALCU066.COB ; Cat4; 0.57
AMPU801.COB ; Cat4; 0.57
CAPP046.COB ; Cat4; 0.57
CAPP084.COB ; Cat4; 0.57
CAPP085.COB ; Cat4; 0.57
CVDP201.COB ; Cat4; 0.57
DABP142.COB ; Cat4; 0.57
DABP729.COB ; Cat4; 0.57
LITP250.COB ; Cat4; 0.57
LITS010.COB ; Cat4; 0.57
LITS303.COB ; Cat4; 0.57
LITS305.COB ; Cat4; 0.57
LITS321.COB ; Cat4; 0.57
LITS323.COB ; Cat4; 0.57
NOAP270.COB ; Cat4; 0.57
NOAP315.COB ; Cat4; 0.57
NOAP878.COB ; Cat4; 0.57
NOAS601.COB ; Cat4; 0.57
NOAS919.COB ; Cat4; 0.57
NOAU048.COB ; Cat4; 0.57
NOAU231.COB ; Cat4; 0.57
NOAU475.COB ; Cat4; 0.57
OFCB777.COB ; Cat4; 0.57
OFCP313.COB ; Cat4; 0.57
OFCP314.COB ; Cat4; 0.57
OFCP464.COB ; Cat4; 0.57
OFCP470.COB ; Cat4; 0.57
OFCP552.COB ; Cat4; 0.57
OFCP602.COB ; Cat4; 0.57
OFCP618.COB ; Cat4; 0.57
OFCP621.COB ; Cat4; 0.57
OFCP780.COB ; Cat4; 0.57
OFCP861.COB ; Cat4; 0.57
OFCP954.COB ; Cat4; 0.57
OFCP990.COB ; Cat4; 0.57
PRCB886.COB ; Cat4; 0.57
PRCP100.COB ; Cat4; 0.57
PRCP725.COB ; Cat4; 0.57
PRCP726.COB ; Cat4; 0.57
RTCB104.COB ; Cat4; 0.57
RTCP170.COB ; Cat4; 0.57
RTCP253.COB ; Cat4; 0.57
RTCP259.COB ; Cat4; 0.57
RTCP722.COB ; Cat4; 0.57
RTCP736.COB ; Cat4; 0.57
SFRB210.COB ; Cat4; 0.57
ALCB332.COB ; Cat4; 0.58
ALCB487.COB ; Cat4; 0.58
ALCB617.COB ; Cat4; 0.58
ALCB660.COB ; Cat4; 0.58
ALCP021.COB ; Cat4; 0.58
ALCP502.COB ; Cat4; 0.58
ALCP998.COB ; Cat4; 0.58
ALCS145.COB ; Cat4; 0.58
AMPU101.COB ; Cat4; 0.58
CVDU003.COB ; Cat4; 0.58
DABP214.COB ; Cat4; 0.58
LITP505.COB ; Cat4; 0.58
LITS016.COB ; Cat4; 0.58
LITS319.COB ; Cat4; 0.58
LITS322.COB ; Cat4; 0.58
NOAP215.COB ; Cat4; 0.58
NOAP413.COB ; Cat4; 0.58
NOAP870.COB ; Cat4; 0.58
NOAP890.COB ; Cat4; 0.58
NOAS025.COB ; Cat4; 0.58
NOAS915.COB ; Cat4; 0.58
NOAU039.COB ; Cat4; 0.58
NOAU155.COB ; Cat4; 0.58
NOAU509.COB ; Cat4; 0.58
NOAVH39.COB ; Cat4; 0.58
OFCB374.COB ; Cat4; 0.58
OFCP207.COB ; Cat4; 0.58
OFCP256.COB ; Cat4; 0.58
OFCP257.COB ; Cat4; 0.58
OFCP287.COB ; Cat4; 0.58
OFCP437.COB ; Cat4; 0.58
OFCP471.COB ; Cat4; 0.58
OFCP489.COB ; Cat4; 0.58
OFCP525.COB ; Cat4; 0.58
OFCP623.COB ; Cat4; 0.58
OFCP746.COB ; Cat4; 0.58
OFCP762.COB ; Cat4; 0.58
PRCP110.COB ; Cat4; 0.58
RTCB500.COB ; Cat4; 0.58
RTCP091.COB ; Cat4; 0.58
RTCP390.COB ; Cat4; 0.58
RTCP504.COB ; Cat4; 0.58
RTCU155.COB ; Cat4; 0.58
SETP155.COB ; Cat4; 0.58
SFRB095.COB ; Cat4; 0.58
ALCP262.COB ; Cat4; 0.59
ALCP698.COB ; Cat4; 0.59
ALCU047.COB ; Cat4; 0.59
AMPB432.COB ; Cat4; 0.59
LADP350.COB ; Cat4; 0.59
LEDUB32.COB ; Cat4; 0.59
LITB120.COB ; Cat4; 0.59
LITS011.COB ; Cat4; 0.59
LITU006.COB ; Cat4; 0.59
NOAP134.COB ; Cat4; 0.59
NOAP452.COB ; Cat4; 0.59
NOAP563.COB ; Cat4; 0.59
NOAP861.COB ; Cat4; 0.59
NOAS911.COB ; Cat4; 0.59
NOAU102.COB ; Cat4; 0.59
NOAU480.COB ; Cat4; 0.59
NOAVH40.COB ; Cat4; 0.59
OFCP325.COB ; Cat4; 0.59
OFCP560.COB ; Cat4; 0.59
OFCP616.COB ; Cat4; 0.59
OFCP793.COB ; Cat4; 0.59
RTCP152.COB ; Cat4; 0.59
RTCP751.COB ; Cat4; 0.59
RTCU021.COB ; Cat4; 0.59
SETP055.COB ; Cat4; 0.59
SETP210.COB ; Cat4; 0.59
SFRP105.COB ; Cat4; 0.59
SFRP775.COB ; Cat4; 0.59
SOPP311.COB ; Cat4; 0.59
ALCB751.COB ; Cat4; 0.6
ALCP081.COB ; Cat4; 0.6
ALCP208.COB ; Cat4; 0.6
ALCP631.COB ; Cat4; 0.6
ALCP706.COB ; Cat4; 0.6
ALCS143.COB ; Cat4; 0.6
DABP096.COB ; Cat4; 0.6
DABP723.COB ; Cat4; 0.6
LITP222.COB ; Cat4; 0.6
LITS324.COB ; Cat4; 0.6
LITS407.COB ; Cat4; 0.6
LITS710.COB ; Cat4; 0.6
NOAB185.COB ; Cat4; 0.6
NOAP307.COB ; Cat4; 0.6
NOAP876.COB ; Cat4; 0.6
NOAS041.COB ; Cat4; 0.6
NOAU055.COB ; Cat4; 0.6
NOAU159.COB ; Cat4; 0.6
NOAU434.COB ; Cat4; 0.6
NOAU479.COB ; Cat4; 0.6
NOAU534.COB ; Cat4; 0.6
OFCP254.COB ; Cat4; 0.6
OFCP255.COB ; Cat4; 0.6
OFCP420.COB ; Cat4; 0.6
OFCP486.COB ; Cat4; 0.6
OFCS317.COB ; Cat4; 0.6
PRCP225.COB ; Cat4; 0.6
PRCP800.COB ; Cat4; 0.6
RTCU028.COB ; Cat4; 0.6
SEFU600.COB ; Cat4; 0.6
SOPP400.COB ; Cat4; 0.6
SOPP909.COB ; Cat4; 0.6
ALCP052.COB ; Cat4; 0.61
ALCP504.COB ; Cat4; 0.61
ALCS140.COB ; Cat4; 0.61
ALCS144.COB ; Cat4; 0.61
ALCU068.COB ; Cat4; 0.61
CAPP047.COB ; Cat4; 0.61
CAPP048.COB ; Cat4; 0.61
DABB226.COB ; Cat4; 0.61
DABP218.COB ; Cat4; 0.61
DABP807.COB ; Cat4; 0.61
LEDUB33.COB ; Cat4; 0.61
LITP224.COB ; Cat4; 0.61
LITS020.COB ; Cat4; 0.61
LITS903.COB ; Cat4; 0.61
NOAP308.COB ; Cat4; 0.61
NOAP880.COB ; Cat4; 0.61
NOAS913.COB ; Cat4; 0.61
NOAU412.COB ; Cat4; 0.61
NOAVK10.COB ; Cat4; 0.61
NOAVK13.COB ; Cat4; 0.61
OFCP427.COB ; Cat4; 0.61
OFCP474.COB ; Cat4; 0.61
OFCP551.COB ; Cat4; 0.61
OFCP624.COB ; Cat4; 0.61
OFCP868.COB ; Cat4; 0.61
OFCS316.COB ; Cat4; 0.61
PRCP170.COB ; Cat4; 0.61
PRCP173.COB ; Cat4; 0.61
PRCP740.COB ; Cat4; 0.61
PRCP755.COB ; Cat4; 0.61
PRCP901.COB ; Cat4; 0.61
PRCU501.COB ; Cat4; 0.61
RTCB529.COB ; Cat4; 0.61
RTCB531.COB ; Cat4; 0.61
RTCP267.COB ; Cat4; 0.61
RTCP602.COB ; Cat4; 0.61
RTCP604.COB ; Cat4; 0.61
RTCS043.COB ; Cat4; 0.61
RTCU717.COB ; Cat4; 0.61
SFRB080.COB ; Cat4; 0.61
SFRP205.COB ; Cat4; 0.61
ALCP326.COB ; Cat4; 0.62
ALCP577.COB ; Cat4; 0.62
ALCP679.COB ; Cat4; 0.62
CAPP050.COB ; Cat4; 0.62
DABP216.COB ; Cat4; 0.62
LADP120.COB ; Cat4; 0.62
LITP254.COB ; Cat4; 0.62
LITS012.COB ; Cat4; 0.62
LITS901.COB ; Cat4; 0.62
NOAP801.COB ; Cat4; 0.62
NOAU051.COB ; Cat4; 0.62
NOAU411.COB ; Cat4; 0.62
NOAVH24.COB ; Cat4; 0.62
NOAVK11.COB ; Cat4; 0.62
OFCP242.COB ; Cat4; 0.62
OFCP249.COB ; Cat4; 0.62
OFCP419.COB ; Cat4; 0.62
OFCP472.COB ; Cat4; 0.62
OFCP797.COB ; Cat4; 0.62
OFCP806.COB ; Cat4; 0.62
PRCP419.COB ; Cat4; 0.62
RTCP258.COB ; Cat4; 0.62
RTCP260.COB ; Cat4; 0.62
RTCP291.COB ; Cat4; 0.62
RTCP609.COB ; Cat4; 0.62
RTCP627.COB ; Cat4; 0.62
RTCP742.COB ; Cat4; 0.62
SFRP103.COB ; Cat4; 0.62
ALCB648.COB ; Cat4; 0.63
ALCB937.COB ; Cat4; 0.63
ALCP702.COB ; Cat4; 0.63
DABB601.COB ; Cat4; 0.63
DABP936.COB ; Cat4; 0.63
HSPP068.COB ; Cat4; 0.63
HSPU302.COB ; Cat4; 0.63
LITP220.COB ; Cat4; 0.63
LITP251.COB ; Cat4; 0.63
NOAP450.COB ; Cat4; 0.63
NOAP733.COB ; Cat4; 0.63
NOAP874.COB ; Cat4; 0.63
NOAVH23.COB ; Cat4; 0.63
OFCP459.COB ; Cat4; 0.63
PRCB205.COB ; Cat4; 0.63
PRCP701.COB ; Cat4; 0.63
PRCP720.COB ; Cat4; 0.63
PRCU801.COB ; Cat4; 0.63
PRCU803.COB ; Cat4; 0.63
RTCP261.COB ; Cat4; 0.63
RTCP748.COB ; Cat4; 0.63
RTRU005.COB ; Cat4; 0.63
SFRB096.COB ; Cat4; 0.63
SFRS002.COB ; Cat4; 0.63
ALCB096.COB ; Cat4; 0.64
ALCP754.COB ; Cat4; 0.64
DABP219.COB ; Cat4; 0.64
DABP840.COB ; Cat4; 0.64
HSAS301.COB ; Cat4; 0.64
LITP110.COB ; Cat4; 0.64
NOAP169.COB ; Cat4; 0.64
NOAP316.COB ; Cat4; 0.64
NOAP881.COB ; Cat4; 0.64
NOAS910.COB ; Cat4; 0.64
NOAU103.COB ; Cat4; 0.64
OFCP276.COB ; Cat4; 0.64
OFCP450.COB ; Cat4; 0.64
OFCP808.COB ; Cat4; 0.64
PRCB894.COB ; Cat4; 0.64
PRCP224.COB ; Cat4; 0.64
PRCP728.COB ; Cat4; 0.64
RTCP040.COB ; Cat4; 0.64
RTCP266.COB ; Cat4; 0.64
RTCP412.COB ; Cat4; 0.64
RTCS041.COB ; Cat4; 0.64
RTCS042.COB ; Cat4; 0.64
RTCS044.COB ; Cat4; 0.64
RTCU019.COB ; Cat4; 0.64
SETU020.COB ; Cat4; 0.64
ALCP097.COB ; Cat4; 0.65
ALCP306.COB ; Cat4; 0.65
ALCP676.COB ; Cat4; 0.65
ALCU082.COB ; Cat4; 0.65
ALCU103.COB ; Cat4; 0.65
DABP035.COB ; Cat4; 0.65
DABP106.COB ; Cat4; 0.65
DABP116.COB ; Cat4; 0.65
DABP815.COB ; Cat4; 0.65
LITP208.COB ; Cat4; 0.65
LITS403.COB ; Cat4; 0.65
LITS404.COB ; Cat4; 0.65
NOAP026.COB ; Cat4; 0.65
OFCP451.COB ; Cat4; 0.65
OFCP468.COB ; Cat4; 0.65
OFCP866.COB ; Cat4; 0.65
OFCU042.COB ; Cat4; 0.65
PRCB011.COB ; Cat4; 0.65
RTCP054.COB ; Cat4; 0.65
RTCP414.COB ; Cat4; 0.65
RTCP501.COB ; Cat4; 0.65
RTCP626.COB ; Cat4; 0.65
RTCU030.COB ; Cat4; 0.65
SFRB097.COB ; Cat4; 0.65
SFRP079.COB ; Cat4; 0.65
SFRP410.COB ; Cat4; 0.65
SFRP430.COB ; Cat4; 0.65
SFRP670.COB ; Cat4; 0.65
ALCP570.COB ; Cat4; 0.66
ALCU064.COB ; Cat4; 0.66
ALCU102.COB ; Cat4; 0.66
CVDU001.COB ; Cat4; 0.66
HSPP040.COB ; Cat4; 0.66
LITP200.COB ; Cat4; 0.66
NOAS141.COB ; Cat4; 0.66
NOAU031.COB ; Cat4; 0.66
OFCP446.COB ; Cat4; 0.66
OFCP809.COB ; Cat4; 0.66
PRCP700.COB ; Cat4; 0.66
RTCP110.COB ; Cat4; 0.66
RTCP115.COB ; Cat4; 0.66
RTCP752.COB ; Cat4; 0.66
SFRP650.COB ; Cat4; 0.66
ALCB528.COB ; Cat4; 0.67
AMPB433.COB ; Cat4; 0.67
AMPB434.COB ; Cat4; 0.67
DABB742.COB ; Cat4; 0.67
DABB744.COB ; Cat4; 0.67
HSPB081.COB ; Cat4; 0.67
HSPU500.COB ; Cat4; 0.67
LITU009.COB ; Cat4; 0.67
NOAP060.COB ; Cat4; 0.67
OFCP426.COB ; Cat4; 0.67
OFCP488.COB ; Cat4; 0.67
OFCP561.COB ; Cat4; 0.67
OFCP611.COB ; Cat4; 0.67
PRCP161.COB ; Cat4; 0.67
PRCP223.COB ; Cat4; 0.67
RTCP750.COB ; Cat4; 0.67
RTCP754.COB ; Cat4; 0.67
RTCU010.COB ; Cat4; 0.67
RTCU011.COB ; Cat4; 0.67
SFRB084.COB ; Cat4; 0.67
SFRP082.COB ; Cat4; 0.67
ALCP755.COB ; Cat4; 0.68
ALCU101.COB ; Cat4; 0.68
DABB937.COB ; Cat4; 0.68
HSAP008.COB ; Cat4; 0.68
LITB210.COB ; Cat4; 0.68
LITP217.COB ; Cat4; 0.68
LITP257.COB ; Cat4; 0.68
NOAP312.COB ; Cat4; 0.68
NOAU415.COB ; Cat4; 0.68
OFCB527.COB ; Cat4; 0.68
OFCP295.COB ; Cat4; 0.68
OFCP296.COB ; Cat4; 0.68
OFCP410.COB ; Cat4; 0.68
OFCP411.COB ; Cat4; 0.68
OFCP613.COB ; Cat4; 0.68
PRCP010.COB ; Cat4; 0.68
PRCP862.COB ; Cat4; 0.68
RTCP093.COB ; Cat4; 0.68
RTCP240.COB ; Cat4; 0.68
RTCP384.COB ; Cat4; 0.68
ALCB653.COB ; Cat4; 0.69
ALCP637.COB ; Cat4; 0.69
AMPU029.COB ; Cat4; 0.69
DABB224.COB ; Cat4; 0.69
LITB135.COB ; Cat4; 0.69
LITP256.COB ; Cat4; 0.69
LITS902.COB ; Cat4; 0.69
LITU011.COB ; Cat4; 0.69
NOAP503.COB ; Cat4; 0.69
OFCB507.COB ; Cat4; 0.69
OFCB526.COB ; Cat4; 0.69
OFCP258.COB ; Cat4; 0.69
OFCP414.COB ; Cat4; 0.69
PRCU804.COB ; Cat4; 0.69
RTCU027.COB ; Cat4; 0.69
SETU007.COB ; Cat4; 0.69
SFRP052.COB ; Cat4; 0.69
SFRP053.COB ; Cat4; 0.69
SFRP700.COB ; Cat4; 0.69
ALCB044.COB ; Cat4; 0.7
ALCP080.COB ; Cat4; 0.7
ALCP218.COB ; Cat4; 0.7
ALCP571.COB ; Cat4; 0.7
OFCP401.COB ; Cat4; 0.7
OFCP406.COB ; Cat4; 0.7
OFCP413.COB ; Cat4; 0.7
PRCP058.COB ; Cat4; 0.7
RTCB252.COB ; Cat4; 0.7
RTCP037.COB ; Cat4; 0.7
RTCP254.COB ; Cat4; 0.7
SOPP905.COB ; Cat4; 0.7
ALCP091.COB ; Cat4; 0.71
ALCP686.COB ; Cat4; 0.71
DABP736.COB ; Cat4; 0.71
HSPP085.COB ; Cat4; 0.71
LITB175.COB ; Cat4; 0.71
LITP218.COB ; Cat4; 0.71
OFCP457.COB ; Cat4; 0.71
OFCP479.COB ; Cat4; 0.71
ALCB530.COB ; Cat4; 0.72
ALCB576.COB ; Cat4; 0.72
ALCP644.COB ; Cat4; 0.72
LITP225.COB ; Cat4; 0.72
OFCP550.COB ; Cat4; 0.72
PRCU006.COB ; Cat4; 0.72
SFRP085.COB ; Cat4; 0.72
ALCB541.COB ; Cat4; 0.73
ALCP070.COB ; Cat4; 0.73
ALCP077.COB ; Cat4; 0.73
ALCP082.COB ; Cat4; 0.73
LADP130.COB ; Cat4; 0.73
LITP221.COB ; Cat4; 0.73
NOAU156.COB ; Cat4; 0.73
OFCP238.COB ; Cat4; 0.73
OFCP456.COB ; Cat4; 0.73
ALCP420.COB ; Cat4; 0.74
ALCP425.COB ; Cat4; 0.74
ALCP543.COB ; Cat4; 0.74
DABP738.COB ; Cat4; 0.74
LITP650.COB ; Cat4; 0.74
NOAU232.COB ; Cat4; 0.74
OFCP408.COB ; Cat4; 0.74
OFCP436.COB ; Cat4; 0.74
PRCP053.COB ; Cat4; 0.74
PRCP705.COB ; Cat4; 0.74
RTCP072.COB ; Cat4; 0.74
ALCB625.COB ; Cat4; 0.75
ALCP325.COB ; Cat4; 0.75
ALCP550.COB ; Cat4; 0.75
ALCP688.COB ; Cat4; 0.75
AMPU028.COB ; Cat4; 0.75
LITP219.COB ; Cat4; 0.75
OFCP407.COB ; Cat4; 0.75
OFCP524.COB ; Cat4; 0.75
OFCP615.COB ; Cat4; 0.75
PRCS054.COB ; Cat4; 0.75
RTCP383.COB ; Cat4; 0.75
ALCB506.COB ; Cat4; 0.76
ALCP084.COB ; Cat4; 0.76
ALCP331.COB ; Cat4; 0.76
HSPB020.COB ; Cat4; 0.76
OFCP369.COB ; Cat4; 0.76
OFCP495.COB ; Cat4; 0.76
OFCP870.COB ; Cat4; 0.76
SFRP680.COB ; Cat4; 0.76
ALCP072.COB ; Cat4; 0.77
ALCP089.COB ; Cat4; 0.77
ALCP345.COB ; Cat4; 0.77
ALCP520.COB ; Cat4; 0.77
ALCP639.COB ; Cat4; 0.77
LITP115.COB ; Cat4; 0.77
OFCP422.COB ; Cat4; 0.77
OFCP424.COB ; Cat4; 0.77
OFCP869.COB ; Cat4; 0.77
DABP430.COB ; Cat4; 0.78
OFCP298.COB ; Cat4; 0.78
PRCP140.COB ; Cat4; 0.78
PRCP311.COB ; Cat4; 0.78
PRCP312.COB ; Cat4; 0.78
RTCP280.COB ; Cat4; 0.78
RTCU031.COB ; Cat4; 0.78
SFRP690.COB ; Cat4; 0.78
ALCB343.COB ; Cat4; 0.79
ALCB655.COB ; Cat4; 0.79
ALCP022.COB ; Cat4; 0.79
ALCP687.COB ; Cat4; 0.79
HSPB002.COB ; Cat4; 0.79
LITB130.COB ; Cat4; 0.79
OFCP409.COB ; Cat4; 0.79
RTCU020.COB ; Cat4; 0.79
SFRP630.COB ; Cat4; 0.79
PRCP003.COB ; Cat4; 0.8
ALCB087.COB ; Cat4; 0.81
ALCB654.COB ; Cat4; 0.81
ALCP423.COB ; Cat4; 0.81
HSPP018.COB ; Cat4; 0.81
OFCP425.COB ; Cat4; 0.81
PRCP905.COB ; Cat4; 0.81
ALCB661.COB ; Cat4; 0.82
PRCU007.COB ; Cat4; 0.82
RTCP109.COB ; Cat4; 0.82
RTCP282.COB ; Cat4; 0.83
RTCU043.COB ; Cat4; 0.83
SFRP081.COB ; Cat4; 0.83
ALCP040.COB ; Cat4; 0.84
ALCP042.COB ; Cat4; 0.84
ALCP542.COB ; Cat4; 0.84
RTCP382.COB ; Cat4; 0.85
ALCP575.COB ; Cat4; 0.86
ALCP901.COB ; Cat4; 0.87
LITP214.COB ; Cat4; 0.87
PRCP040.COB ; Cat4; 0.87
PRCP080.COB ; Cat4; 0.87
ALCP579.COB ; Cat4; 0.88
PRCP005.COB ; Cat4; 0.88
PRCP052.COB ; Cat4; 0.88
PRCP160.COB ; Cat4; 0.88
PRCP190.COB ; Cat4; 0.88
PRCP812.COB ; Cat4; 0.88
RTCP111.COB ; Cat4; 0.88
RTCP381.COB ; Cat4; 0.88
RTCP420.COB ; Cat4; 0.88
RTCU013.COB ; Cat4; 0.88
L62U019.COB ; Cat4; 0.89
HSPP070.COB ; Cat4; 0.9
PRCP171.COB ; Cat4; 0.92
PRCP172.COB ; Cat4; 0.92
HSPU300.COB ; Cat4; 0.93
HSPU400.COB ; Cat4; 0.93
