 0,19 ; 0,23 ;;{(0, 10): [1305, 1233], (11, 20): [728, 701], (21, 30): [488, 475], (31, 40): [200, 222], (41, 50): [143, 131], (51, 60): [64, 98], (61, 70): [37, 43], (71, 80): [37, 46], (81, 90): [8, 26], (91, 100): [4, 39]};;;;;;;;;;;
 0,40 ; 0,45 ;;Comments included;Comments excluded;;;;;;;;;;
 0,11 ; 0,13 ;;;;;;;;;;;;;
 0,46 ; 0,49 ;[0, 10];1305;1233;;;;;;;;;;
 0,07 ; 0,12 ;[11, 20];728;701;;;;;;;;;;
 0,18 ; 0,79 ;[21, 30];488;475;;;;;;;;;;
 0,24 ; 0,33 ;[31, 40];200;222;;;;;;;;;;
 0,44 ; 0,50 ;[41, 50];143;131;;;;;;;;;;
 0,44 ; 0,50 ;[51, 60];64;98;;;;;;;;;;
 0,34 ; 0,42 ;[61, 70];37;43;;;;;;;;;;
 0,22 ; 0,30 ;[71, 80];37;46;;;;;;;;;;
 0,27 ; 0,47 ;[81, 90];8;26;;;;;;;;;;
 0,13 ; 0,18 ;[91, 100];4;39;;;;;;;;;;
 0,20 ; 0,49 ;;;;;;;;;;;;;
 0,20 ; 0,49 ;;;;;;;;;;;;;
 0,55 ; 0,74 ;;;;;;;;;;;;;
 0,44 ; 0,46 ;;;;;;;;;;;;;
 0,27 ; 0,59 ;;;;;;;;;;;;;
 0,13 ; 0,13 ;;;;;;;;;;;;;
 0,10 ; 0,13 ;;;;;;;;;;;;;
 0,15 ; 0,28 ;;;;;;;;;;;;;
 0,16 ; 0,38 ;;;;;;;;;;;;;
 0,16 ; 0,24 ;;;;;;;;;;;;;
 0,02 ; 0,02 ;;;;;;;;;;;;;
 0,04 ; 0,05 ;;;;;;;;;;;;;
 0,06 ; 0,08 ;;;;;;;;;;;;;
 0,07 ; 0,10 ;;;;;;;;;;;;;
 0,07 ; 0,10 ;;;;;;;;;;;;;
 0,13 ; 0,19 ;;;;;;;;;;;;;
 0,10 ; 0,14 ;;;;;;;;;;;;;
 0,12 ; 0,28 ;;;;;;;;;;;;;
 0,20 ; 0,25 ;;;;;;;;;;;;;
 0,42 ; 0,48 ;;;;;;;;;;;;;
 0,31 ; 0,34 ;;;;;;;;;;;;;
 0,44 ; 0,50 ;;;;;;;;;;;;;
 0,24 ; 0,28 ;;;;;;;;;;;;;
 0,46 ; 0,54 ;;;;;;;;;;;;;
 0,51 ; 0,54 ;;;;;;;;;;;;;
 0,51 ; 0,54 ;;;;;;;;;;;;;
 0,26 ; 0,37 ;;;;;;;;;;;;;
 0,31 ; 0,36 ;;;;;;;;;;;;;
 0,37 ; 0,42 ;;;;;;;;;;;;;
 0,35 ; 0,39 ;;;;;;;;;;;;;
 0,29 ; 0,55 ;;;;;;;;;;;;;
 0,32 ; 0,50 ;;;;;;;;;;;;;
 0,32 ; 0,36 ;;;;;;;;;;;;;
 0,59 ; 0,63 ;;;;;;;;;;;;;
 0,60 ; 0,63 ;;;;;;;;;;;;;
 0,31 ; 0,41 ;;;;;;;;;;;;;
 0,40 ; 0,72 ;;;;;;;;;;;;;
 0,13 ; 0,19 ;;;;;;;;;;;;;
 0,17 ; 0,23 ;;;;;;;;;;;;;
 0,31 ; 0,42 ;;;;;;;;;;;;;
 0,41 ; 0,56 ;;;;;;;;;;;;;
 0,11 ; 0,12 ;;;;;;;;;;;;;
 0,08 ; 0,20 ;;;;;;;;;;;;;
 0,01 ; 0,02 ;;;;;;;;;;;;;
 0,03 ; 0,04 ;;;;;;;;;;;;;
 0,01 ; 0,03 ;;;;;;;;;;;;;
 0,01 ; 0,02 ;;;;;;;;;;;;;
 0,06 ; 0,10 ;;;;;;;;;;;;;
 0,05 ; 0,10 ;;;;;;;;;;;;;
 0,02 ; 0,03 ;;;;;;;;;;;;;
 0,02 ; 0,04 ;;;;;;;;;;;;;
 0,02 ; 0,04 ;;;;;;;;;;;;;
 0,05 ; 0,09 ;;;;;;;;;;;;;
 0,05 ; 0,09 ;;;;;;;;;;;;;
 0,04 ; 0,05 ;;;;;;;;;;;;;
 0,02 ; 0,03 ;;;;;;;;;;;;;
 0,02 ; 0,04 ;;;;;;;;;;;;;
 0,03 ; 0,04 ;;;;;;;;;;;;;
 0,03 ; 0,05 ;;;;;;;;;;;;;
 0,05 ; 0,17 ;;;;;;;;;;;;;
 0,34 ; 0,55 ;;;;;;;;;;;;;
 0,16 ; 0,20 ;;;;;;;;;;;;;
 0,96 ; 0,96 ;;;;;;;;;;;;;
 0,14 ; 0,17 ;;;;;;;;;;;;;
 0,78 ; 0,78 ;;;;;;;;;;;;;
 0,18 ; 0,35 ;;;;;;;;;;;;;
 0,16 ; 0,18 ;;;;;;;;;;;;;
 0,28 ; 0,29 ;;;;;;;;;;;;;
 0,67 ; 0,67 ;;;;;;;;;;;;;
 0,07 ; 0,45 ;;;;;;;;;;;;;
 0,24 ; 0,25 ;;;;;;;;;;;;;
 0,16 ; 0,18 ;;;;;;;;;;;;;
 0,39 ; 0,44 ;;;;;;;;;;;;;
 0,21 ; 0,36 ;;;;;;;;;;;;;
 0,56 ; 0,64 ;;;;;;;;;;;;;
 0,10 ; 0,38 ;;;;;;;;;;;;;
 0,25 ; 0,43 ;;;;;;;;;;;;;
 0,04 ; 0,06 ;;;;;;;;;;;;;
 0,25 ; 0,33 ;;;;;;;;;;;;;
 0,57 ; 0,61 ;;;;;;;;;;;;;
 0,03 ; 0,04 ;;;;;;;;;;;;;
 0,21 ; 0,34 ;;;;;;;;;;;;;
 0,51 ; 0,51 ;;;;;;;;;;;;;
 0,40 ; 0,40 ;;;;;;;;;;;;;
 0,09 ; 0,15 ;;;;;;;;;;;;;
 0,13 ; 0,15 ;;;;;;;;;;;;;
 0,03 ; 0,04 ;;;;;;;;;;;;;
 0,45 ; 0,52 ;;;;;;;;;;;;;
 0,30 ; 0,36 ;;;;;;;;;;;;;
 0,48 ; 0,48 ;;;;;;;;;;;;;
 0,04 ; 0,21 ;;;;;;;;;;;;;
 0,43 ; 0,43 ;;;;;;;;;;;;;
 0,45 ; 0,45 ;;;;;;;;;;;;;
 0,33 ; 0,54 ;;;;;;;;;;;;;
 0,05 ; 0,08 ;;;;;;;;;;;;;
 0,02 ; 0,08 ;;;;;;;;;;;;;
 0,02 ; 0,15 ;;;;;;;;;;;;;
 0,11 ; 0,62 ;;;;;;;;;;;;;
 0,23 ; 0,86 ;;;;;;;;;;;;;
 0,19 ; 0,63 ;;;;;;;;;;;;;
 0,24 ; 0,60 ;;;;;;;;;;;;;
 0,08 ; 0,13 ;;;;;;;;;;;;;
 0,10 ; 0,30 ;;;;;;;;;;;;;
 0,68 ; 0,81 ;;;;;;;;;;;;;
 0,32 ; 0,38 ;;;;;;;;;;;;;
 0,23 ; 0,28 ;;;;;;;;;;;;;
 0,63 ; 0,71 ;;;;;;;;;;;;;
 0,47 ; 0,93 ;;;;;;;;;;;;;
 0,04 ; 0,05 ;;;;;;;;;;;;;
 0,49 ; 0,54 ;;;;;;;;;;;;;
 0,05 ; 0,22 ;;;;;;;;;;;;;
 0,58 ; 0,73 ;;;;;;;;;;;;;
 0,36 ; 0,67 ;;;;;;;;;;;;;
 0,11 ; 0,12 ;;;;;;;;;;;;;
 1,00 ; 1,00 ;;;;;;;;;;;;;
 0,12 ; 0,13 ;;;;;;;;;;;;;
 0,08 ; 0,15 ;;;;;;;;;;;;;
 0,06 ; 0,17 ;;;;;;;;;;;;;
 0,15 ; 0,16 ;;;;;;;;;;;;;
 0,15 ; 0,24 ;;;;;;;;;;;;;
 0,09 ; 0,13 ;;;;;;;;;;;;;
 0,14 ; 0,22 ;;;;;;;;;;;;;
 0,42 ; 0,46 ;;;;;;;;;;;;;
 0,39 ; 0,45 ;;;;;;;;;;;;;
 0,16 ; 0,24 ;;;;;;;;;;;;;
 0,03 ; 0,05 ;;;;;;;;;;;;;
 0,08 ; 0,10 ;;;;;;;;;;;;;
 0,07 ; 0,11 ;;;;;;;;;;;;;
 0,74 ; 0,74 ;;;;;;;;;;;;;
 0,02 ; 0,03 ;;;;;;;;;;;;;
 0,04 ; 0,06 ;;;;;;;;;;;;;
 0,01 ; 0,02 ;;;;;;;;;;;;;
 0,15 ; 0,19 ;;;;;;;;;;;;;
 0,81 ; 1,00 ;;;;;;;;;;;;;
 0,13 ; 0,96 ;;;;;;;;;;;;;
 0,22 ; 1,00 ;;;;;;;;;;;;;
 0,20 ; 0,22 ;;;;;;;;;;;;;
 0,29 ; 0,32 ;;;;;;;;;;;;;
 0,44 ; 0,57 ;;;;;;;;;;;;;
 0,35 ; 0,41 ;;;;;;;;;;;;;
 0,36 ; 0,42 ;;;;;;;;;;;;;
 0,18 ; 0,35 ;;;;;;;;;;;;;
 0,27 ; 0,32 ;;;;;;;;;;;;;
 0,62 ; 0,62 ;;;;;;;;;;;;;
 0,02 ; 0,03 ;;;;;;;;;;;;;
 0,53 ; 0,58 ;;;;;;;;;;;;;
 0,76 ; 0,76 ;;;;;;;;;;;;;
 0,17 ; 0,28 ;;;;;;;;;;;;;
 0,36 ; 0,43 ;;;;;;;;;;;;;
 0,26 ; 0,26 ;;;;;;;;;;;;;
 0,81 ; 0,81 ;;;;;;;;;;;;;
 0,03 ; 0,04 ;;;;;;;;;;;;;
 0,30 ; 0,40 ;;;;;;;;;;;;;
 0,22 ; 0,28 ;;;;;;;;;;;;;
 0,27 ; 0,42 ;;;;;;;;;;;;;
 0,88 ; 0,88 ;;;;;;;;;;;;;
 0,08 ; 0,08 ;;;;;;;;;;;;;
 0,28 ; 0,48 ;;;;;;;;;;;;;
 0,25 ; 0,29 ;;;;;;;;;;;;;
 0,09 ; 0,37 ;;;;;;;;;;;;;
 0,08 ; 0,44 ;;;;;;;;;;;;;
 0,24 ; 0,62 ;;;;;;;;;;;;;
 0,08 ; 0,14 ;;;;;;;;;;;;;
 0,04 ; 0,08 ;;;;;;;;;;;;;
 0,13 ; 0,26 ;;;;;;;;;;;;;
 0,07 ; 0,15 ;;;;;;;;;;;;;
 0,06 ; 0,13 ;;;;;;;;;;;;;
 0,06 ; 0,11 ;;;;;;;;;;;;;
 1,00 ; 1,00 ;;;;;;;;;;;;;
 0,23 ; 0,38 ;;;;;;;;;;;;;
 0,55 ; 0,64 ;;;;;;;;;;;;;
 0,08 ; 0,32 ;;;;;;;;;;;;;
 0,22 ; 0,30 ;;;;;;;;;;;;;
 0,13 ; 0,24 ;;;;;;;;;;;;;
 0,15 ; 0,26 ;;;;;;;;;;;;;
 0,06 ; 0,14 ;;;;;;;;;;;;;
 0,47 ; 0,74 ;;;;;;;;;;;;;
 0,30 ; 0,40 ;;;;;;;;;;;;;
 0,59 ; 0,59 ;;;;;;;;;;;;;
 0,17 ; 0,19 ;;;;;;;;;;;;;
 0,05 ; 0,16 ;;;;;;;;;;;;;
 0,11 ; 0,15 ;;;;;;;;;;;;;
 0,25 ; 0,43 ;;;;;;;;;;;;;
 0,01 ; 0,06 ;;;;;;;;;;;;;
 0,02 ; 0,04 ;;;;;;;;;;;;;
 0,01 ; 0,06 ;;;;;;;;;;;;;
 0,01 ; 0,07 ;;;;;;;;;;;;;
 0,01 ; 0,03 ;;;;;;;;;;;;;
 0,01 ; 0,03 ;;;;;;;;;;;;;
 0,02 ; 0,11 ;;;;;;;;;;;;;
 0,02 ; 0,04 ;;;;;;;;;;;;;
 0,02 ; 0,10 ;;;;;;;;;;;;;
 0,02 ; 0,04 ;;;;;;;;;;;;;
 0,01 ; 0,03 ;;;;;;;;;;;;;
 0,02 ; 0,04 ;;;;;;;;;;;;;
 0,02 ; 0,03 ;;;;;;;;;;;;;
 0,02 ; 0,05 ;;;;;;;;;;;;;
 0,02 ; 0,05 ;;;;;;;;;;;;;
 0,01 ; 0,05 ;;;;;;;;;;;;;
 0,01 ; 0,09 ;;;;;;;;;;;;;
 0,01 ; 0,06 ;;;;;;;;;;;;;
 0,02 ; 0,06 ;;;;;;;;;;;;;
 0,01 ; 0,06 ;;;;;;;;;;;;;
 0,01 ; 0,07 ;;;;;;;;;;;;;
 0,03 ; 0,06 ;;;;;;;;;;;;;
 0,03 ; 0,04 ;;;;;;;;;;;;;
 0,02 ; 0,02 ;;;;;;;;;;;;;
 0,06 ; 0,08 ;;;;;;;;;;;;;
 0,05 ; 0,06 ;;;;;;;;;;;;;
 0,01 ; 0,08 ;;;;;;;;;;;;;
 0,03 ; 0,04 ;;;;;;;;;;;;;
 0,03 ; 0,04 ;;;;;;;;;;;;;
 0,03 ; 0,04 ;;;;;;;;;;;;;
 0,02 ; 0,03 ;;;;;;;;;;;;;
 0,03 ; 0,03 ;;;;;;;;;;;;;
 0,02 ; 0,03 ;;;;;;;;;;;;;
 0,07 ; 0,09 ;;;;;;;;;;;;;
 0,07 ; 0,09 ;;;;;;;;;;;;;
 0,01 ; 0,11 ;;;;;;;;;;;;;
 0,56 ; 0,63 ;;;;;;;;;;;;;
 0,15 ; 0,18 ;;;;;;;;;;;;;
 0,01 ; 0,01 ;;;;;;;;;;;;;
 0,17 ; 0,18 ;;;;;;;;;;;;;
 0,06 ; 0,15 ;;;;;;;;;;;;;
 0,05 ; 0,06 ;;;;;;;;;;;;;
 0,03 ; 0,03 ;;;;;;;;;;;;;
 0,29 ; 0,34 ;;;;;;;;;;;;;
 0,07 ; 0,10 ;;;;;;;;;;;;;
 0,04 ; 0,05 ;;;;;;;;;;;;;
 0,01 ; 0,02 ;;;;;;;;;;;;;
 0,16 ; 0,46 ;;;;;;;;;;;;;
 0,19 ; 0,25 ;;;;;;;;;;;;;
 0,11 ; 0,34 ;;;;;;;;;;;;;
 0,27 ; 0,27 ;;;;;;;;;;;;;
 0,27 ; 0,27 ;;;;;;;;;;;;;
 0,10 ; 0,12 ;;;;;;;;;;;;;
 0,14 ; 0,18 ;;;;;;;;;;;;;
 0,02 ; 0,02 ;;;;;;;;;;;;;
 0,18 ; 0,23 ;;;;;;;;;;;;;
 0,23 ; 0,31 ;;;;;;;;;;;;;
 0,17 ; 0,21 ;;;;;;;;;;;;;
 0,05 ; 0,06 ;;;;;;;;;;;;;
 0,10 ; 0,11 ;;;;;;;;;;;;;
 0,04 ; 0,20 ;;;;;;;;;;;;;
 0,21 ; 0,27 ;;;;;;;;;;;;;
 0,09 ; 0,19 ;;;;;;;;;;;;;
 0,40 ; 0,40 ;;;;;;;;;;;;;
 0,23 ; 0,30 ;;;;;;;;;;;;;
 0,42 ; 0,68 ;;;;;;;;;;;;;
 0,20 ; 0,22 ;;;;;;;;;;;;;
 0,03 ; 0,04 ;;;;;;;;;;;;;
 0,63 ; 0,70 ;;;;;;;;;;;;;
 0,20 ; 0,65 ;;;;;;;;;;;;;
 0,10 ; 0,13 ;;;;;;;;;;;;;
 0,32 ; 0,64 ;;;;;;;;;;;;;
 0,35 ; 0,35 ;;;;;;;;;;;;;
 0,05 ; 0,15 ;;;;;;;;;;;;;
 0,07 ; 0,08 ;;;;;;;;;;;;;
 0,03 ; 0,14 ;;;;;;;;;;;;;
 0,10 ; 0,12 ;;;;;;;;;;;;;
 0,65 ; 0,68 ;;;;;;;;;;;;;
 0,05 ; 0,07 ;;;;;;;;;;;;;
 0,09 ; 0,11 ;;;;;;;;;;;;;
 0,14 ; 0,34 ;;;;;;;;;;;;;
 0,27 ; 0,37 ;;;;;;;;;;;;;
 0,25 ; 0,29 ;;;;;;;;;;;;;
 0,73 ; 0,89 ;;;;;;;;;;;;;
 0,04 ; 0,24 ;;;;;;;;;;;;;
 0,24 ; 0,76 ;;;;;;;;;;;;;
 0,15 ; 0,23 ;;;;;;;;;;;;;
 0,16 ; 0,24 ;;;;;;;;;;;;;
 0,12 ; 0,33 ;;;;;;;;;;;;;
 0,15 ; 0,43 ;;;;;;;;;;;;;
 0,16 ; 0,47 ;;;;;;;;;;;;;
 0,18 ; 0,53 ;;;;;;;;;;;;;
 0,20 ; 0,29 ;;;;;;;;;;;;;
 0,26 ; 0,69 ;;;;;;;;;;;;;
 0,21 ; 0,31 ;;;;;;;;;;;;;
 0,21 ; 0,67 ;;;;;;;;;;;;;
 0,18 ; 0,26 ;;;;;;;;;;;;;
 0,22 ; 0,33 ;;;;;;;;;;;;;
 0,17 ; 0,25 ;;;;;;;;;;;;;
 0,08 ; 0,22 ;;;;;;;;;;;;;
 0,07 ; 0,20 ;;;;;;;;;;;;;
 0,08 ; 0,22 ;;;;;;;;;;;;;
 0,17 ; 0,25 ;;;;;;;;;;;;;
 0,23 ; 0,34 ;;;;;;;;;;;;;
 0,63 ; 0,67 ;;;;;;;;;;;;;
 0,69 ; 0,73 ;;;;;;;;;;;;;
 0,20 ; 0,28 ;;;;;;;;;;;;;
 0,36 ; 0,39 ;;;;;;;;;;;;;
 0,36 ; 0,39 ;;;;;;;;;;;;;
 0,36 ; 0,39 ;;;;;;;;;;;;;
 0,20 ; 0,32 ;;;;;;;;;;;;;
 0,14 ; 0,15 ;;;;;;;;;;;;;
 0,04 ; 0,06 ;;;;;;;;;;;;;
 0,04 ; 0,06 ;;;;;;;;;;;;;
 0,04 ; 0,06 ;;;;;;;;;;;;;
 0,04 ; 0,06 ;;;;;;;;;;;;;
 0,04 ; 0,06 ;;;;;;;;;;;;;
 0,04 ; 0,06 ;;;;;;;;;;;;;
 0,04 ; 0,06 ;;;;;;;;;;;;;
 0,04 ; 0,09 ;;;;;;;;;;;;;
 0,12 ; 0,19 ;;;;;;;;;;;;;
 0,21 ; 0,34 ;;;;;;;;;;;;;
 0,66 ; 0,68 ;;;;;;;;;;;;;
 0,11 ; 0,37 ;;;;;;;;;;;;;
 0,45 ; 0,91 ;;;;;;;;;;;;;
 0,02 ; 0,06 ;;;;;;;;;;;;;
 0,04 ; 0,32 ;;;;;;;;;;;;;
 0,11 ; 0,17 ;;;;;;;;;;;;;
 0,80 ; 0,80 ;;;;;;;;;;;;;
 0,17 ; 0,60 ;;;;;;;;;;;;;
 0,37 ; 0,52 ;;;;;;;;;;;;;
 0,12 ; 0,23 ;;;;;;;;;;;;;
 0,21 ; 0,36 ;;;;;;;;;;;;;
 0,10 ; 0,11 ;;;;;;;;;;;;;
 0,24 ; 0,27 ;;;;;;;;;;;;;
 0,26 ; 0,53 ;;;;;;;;;;;;;
 0,26 ; 0,53 ;;;;;;;;;;;;;
 0,47 ; 0,49 ;;;;;;;;;;;;;
 0,33 ; 0,43 ;;;;;;;;;;;;;
 0,14 ; 0,19 ;;;;;;;;;;;;;
 0,09 ; 0,10 ;;;;;;;;;;;;;
 0,04 ; 0,04 ;;;;;;;;;;;;;
 0,21 ; 0,27 ;;;;;;;;;;;;;
 0,07 ; 0,09 ;;;;;;;;;;;;;
 0,51 ; 0,60 ;;;;;;;;;;;;;
 0,23 ; 0,50 ;;;;;;;;;;;;;
 0,12 ; 0,15 ;;;;;;;;;;;;;
 0,11 ; 0,56 ;;;;;;;;;;;;;
 0,11 ; 0,56 ;;;;;;;;;;;;;
 0,51 ; 0,60 ;;;;;;;;;;;;;
 0,10 ; 0,60 ;;;;;;;;;;;;;
 0,18 ; 0,35 ;;;;;;;;;;;;;
 1,00 ; 1,00 ;;;;;;;;;;;;;
 0,60 ; 0,83 ;;;;;;;;;;;;;
 0,23 ; 0,34 ;;;;;;;;;;;;;
 0,37 ; 0,43 ;;;;;;;;;;;;;
 0,07 ; 0,34 ;;;;;;;;;;;;;
 0,11 ; 0,13 ;;;;;;;;;;;;;
 0,13 ; 0,17 ;;;;;;;;;;;;;
 0,12 ; 0,16 ;;;;;;;;;;;;;
 0,12 ; 0,14 ;;;;;;;;;;;;;
 0,55 ; 0,55 ;;;;;;;;;;;;;
 0,13 ; 0,17 ;;;;;;;;;;;;;
 0,09 ; 0,13 ;;;;;;;;;;;;;
 0,32 ; 0,42 ;;;;;;;;;;;;;
 0,10 ; 0,17 ;;;;;;;;;;;;;
 0,80 ; 0,80 ;;;;;;;;;;;;;
 0,84 ; 0,95 ;;;;;;;;;;;;;
 0,81 ; 0,81 ;;;;;;;;;;;;;
 0,16 ; 0,17 ;;;;;;;;;;;;;
 0,16 ; 0,17 ;;;;;;;;;;;;;
 0,41 ; 0,41 ;;;;;;;;;;;;;
 0,01 ; 0,02 ;;;;;;;;;;;;;
 0,01 ; 0,01 ;;;;;;;;;;;;;
 0,02 ; 0,03 ;;;;;;;;;;;;;
 0,02 ; 0,02 ;;;;;;;;;;;;;
 0,03 ; 0,05 ;;;;;;;;;;;;;
 0,02 ; 0,03 ;;;;;;;;;;;;;
 0,03 ; 0,04 ;;;;;;;;;;;;;
 0,07 ; 0,12 ;;;;;;;;;;;;;
 0,30 ; 0,37 ;;;;;;;;;;;;;
 0,13 ; 0,38 ;;;;;;;;;;;;;
 0,10 ; 0,28 ;;;;;;;;;;;;;
 0,17 ; 0,26 ;;;;;;;;;;;;;
 0,13 ; 0,20 ;;;;;;;;;;;;;
 0,18 ; 0,52 ;;;;;;;;;;;;;
 0,15 ; 0,44 ;;;;;;;;;;;;;
 0,26 ; 0,68 ;;;;;;;;;;;;;
 0,06 ; 0,10 ;;;;;;;;;;;;;
 0,12 ; 0,16 ;;;;;;;;;;;;;
 0,54 ; 0,58 ;;;;;;;;;;;;;
 0,19 ; 0,26 ;;;;;;;;;;;;;
 0,17 ; 0,23 ;;;;;;;;;;;;;
 0,29 ; 0,51 ;;;;;;;;;;;;;
 0,20 ; 0,28 ;;;;;;;;;;;;;
 0,24 ; 0,27 ;;;;;;;;;;;;;
 0,14 ; 0,49 ;;;;;;;;;;;;;
 0,03 ; 0,04 ;;;;;;;;;;;;;
 0,05 ; 0,06 ;;;;;;;;;;;;;
 0,05 ; 0,06 ;;;;;;;;;;;;;
 0,02 ; 0,03 ;;;;;;;;;;;;;
 0,06 ; 0,20 ;;;;;;;;;;;;;
 0,01 ; 0,04 ;;;;;;;;;;;;;
 0,03 ; 0,05 ;;;;;;;;;;;;;
 0,03 ; 0,05 ;;;;;;;;;;;;;
 0,26 ; 0,34 ;;;;;;;;;;;;;
 0,88 ; 0,91 ;;;;;;;;;;;;;
 0,27 ; 0,34 ;;;;;;;;;;;;;
 0,89 ; 0,91 ;;;;;;;;;;;;;
 0,27 ; 0,30 ;;;;;;;;;;;;;
 0,09 ; 0,09 ;;;;;;;;;;;;;
 0,13 ; 0,18 ;;;;;;;;;;;;;
 0,12 ; 0,16 ;;;;;;;;;;;;;
 0,35 ; 0,49 ;;;;;;;;;;;;;
 0,27 ; 0,28 ;;;;;;;;;;;;;
 0,03 ; 0,03 ;;;;;;;;;;;;;
 0,03 ; 0,03 ;;;;;;;;;;;;;
 0,03 ; 0,03 ;;;;;;;;;;;;;
 0,04 ; 0,05 ;;;;;;;;;;;;;
 0,01 ; 0,05 ;;;;;;;;;;;;;
 0,02 ; 0,06 ;;;;;;;;;;;;;
 0,31 ; 0,46 ;;;;;;;;;;;;;
 0,07 ; 0,16 ;;;;;;;;;;;;;
 0,36 ; 0,41 ;;;;;;;;;;;;;
 0,08 ; 0,10 ;;;;;;;;;;;;;
 0,35 ; 0,52 ;;;;;;;;;;;;;
 0,11 ; 0,29 ;;;;;;;;;;;;;
 0,39 ; 0,48 ;;;;;;;;;;;;;
 0,39 ; 0,47 ;;;;;;;;;;;;;
 0,31 ; 0,35 ;;;;;;;;;;;;;
 0,10 ; 0,12 ;;;;;;;;;;;;;
 0,16 ; 0,33 ;;;;;;;;;;;;;
 0,28 ; 0,34 ;;;;;;;;;;;;;
 0,47 ; 0,51 ;;;;;;;;;;;;;
 0,39 ; 0,51 ;;;;;;;;;;;;;
 0,40 ; 0,46 ;;;;;;;;;;;;;
 0,37 ; 0,50 ;;;;;;;;;;;;;
 0,35 ; 0,46 ;;;;;;;;;;;;;
 0,07 ; 0,15 ;;;;;;;;;;;;;
 0,21 ; 0,35 ;;;;;;;;;;;;;
 0,47 ; 0,71 ;;;;;;;;;;;;;
 0,35 ; 0,38 ;;;;;;;;;;;;;
 0,19 ; 0,44 ;;;;;;;;;;;;;
 0,24 ; 0,52 ;;;;;;;;;;;;;
 0,66 ; 0,71 ;;;;;;;;;;;;;
 0,19 ; 0,23 ;;;;;;;;;;;;;
 0,38 ; 0,43 ;;;;;;;;;;;;;
 0,18 ; 0,21 ;;;;;;;;;;;;;
 0,27 ; 0,58 ;;;;;;;;;;;;;
 0,20 ; 0,22 ;;;;;;;;;;;;;
 0,22 ; 0,31 ;;;;;;;;;;;;;
 0,39 ; 0,43 ;;;;;;;;;;;;;
 0,54 ; 0,57 ;;;;;;;;;;;;;
 0,51 ; 0,54 ;;;;;;;;;;;;;
 0,51 ; 0,54 ;;;;;;;;;;;;;
 0,31 ; 0,38 ;;;;;;;;;;;;;
 0,51 ; 0,54 ;;;;;;;;;;;;;
 0,31 ; 0,38 ;;;;;;;;;;;;;
 0,51 ; 0,54 ;;;;;;;;;;;;;
 0,51 ; 0,54 ;;;;;;;;;;;;;
 0,51 ; 0,54 ;;;;;;;;;;;;;
 0,25 ; 0,29 ;;;;;;;;;;;;;
 0,51 ; 0,54 ;;;;;;;;;;;;;
 0,51 ; 0,54 ;;;;;;;;;;;;;
 0,24 ; 0,28 ;;;;;;;;;;;;;
 0,29 ; 0,56 ;;;;;;;;;;;;;
 0,59 ; 0,62 ;;;;;;;;;;;;;
 0,33 ; 0,38 ;;;;;;;;;;;;;
 0,22 ; 0,26 ;;;;;;;;;;;;;
 0,21 ; 0,22 ;;;;;;;;;;;;;
 0,19 ; 0,20 ;;;;;;;;;;;;;
 0,18 ; 0,23 ;;;;;;;;;;;;;
 0,85 ; 0,85 ;;;;;;;;;;;;;
 0,13 ; 0,15 ;;;;;;;;;;;;;
 0,37 ; 0,60 ;;;;;;;;;;;;;
 0,11 ; 0,12 ;;;;;;;;;;;;;
 0,07 ; 0,08 ;;;;;;;;;;;;;
 0,19 ; 0,21 ;;;;;;;;;;;;;
 0,11 ; 0,19 ;;;;;;;;;;;;;
 0,83 ; 0,83 ;;;;;;;;;;;;;
 0,61 ; 0,67 ;;;;;;;;;;;;;
 0,11 ; 0,19 ;;;;;;;;;;;;;
 0,15 ; 0,19 ;;;;;;;;;;;;;
 0,15 ; 0,19 ;;;;;;;;;;;;;
 0,09 ; 0,10 ;;;;;;;;;;;;;
 0,05 ; 0,08 ;;;;;;;;;;;;;
 1,00 ; 1,00 ;;;;;;;;;;;;;
 0,25 ; 0,30 ;;;;;;;;;;;;;
 0,24 ; 0,40 ;;;;;;;;;;;;;
 0,31 ; 0,35 ;;;;;;;;;;;;;
 0,04 ; 0,06 ;;;;;;;;;;;;;
 0,43 ; 0,43 ;;;;;;;;;;;;;
 0,30 ; 0,38 ;;;;;;;;;;;;;
 0,28 ; 0,33 ;;;;;;;;;;;;;
 0,19 ; 0,24 ;;;;;;;;;;;;;
 0,05 ; 0,06 ;;;;;;;;;;;;;
 0,05 ; 0,06 ;;;;;;;;;;;;;
 0,05 ; 0,06 ;;;;;;;;;;;;;
 0,13 ; 0,19 ;;;;;;;;;;;;;
 0,22 ; 0,42 ;;;;;;;;;;;;;
 0,21 ; 0,40 ;;;;;;;;;;;;;
 0,03 ; 0,05 ;;;;;;;;;;;;;
 0,08 ; 0,13 ;;;;;;;;;;;;;
 0,10 ; 0,11 ;;;;;;;;;;;;;
 0,17 ; 0,20 ;;;;;;;;;;;;;
 0,04 ; 0,18 ;;;;;;;;;;;;;
 0,07 ; 0,18 ;;;;;;;;;;;;;
 0,39 ; 0,61 ;;;;;;;;;;;;;
 0,10 ; 0,63 ;;;;;;;;;;;;;
 0,12 ; 0,17 ;;;;;;;;;;;;;
 0,10 ; 0,11 ;;;;;;;;;;;;;
 0,06 ; 0,23 ;;;;;;;;;;;;;
 0,03 ; 0,18 ;;;;;;;;;;;;;
 0,42 ; 0,42 ;;;;;;;;;;;;;
 0,41 ; 0,41 ;;;;;;;;;;;;;
 0,43 ; 0,59 ;;;;;;;;;;;;;
 0,64 ; 0,64 ;;;;;;;;;;;;;
 0,52 ; 0,52 ;;;;;;;;;;;;;
 0,53 ; 0,56 ;;;;;;;;;;;;;
 0,40 ; 0,52 ;;;;;;;;;;;;;
 0,49 ; 0,49 ;;;;;;;;;;;;;
 0,46 ; 0,46 ;;;;;;;;;;;;;
 0,40 ; 0,53 ;;;;;;;;;;;;;
 0,49 ; 0,49 ;;;;;;;;;;;;;
 0,51 ; 0,51 ;;;;;;;;;;;;;
 0,42 ; 0,46 ;;;;;;;;;;;;;
 0,41 ; 0,44 ;;;;;;;;;;;;;
 0,32 ; 0,32 ;;;;;;;;;;;;;
 0,18 ; 0,26 ;;;;;;;;;;;;;
 0,14 ; 0,92 ;;;;;;;;;;;;;
 0,17 ; 0,90 ;;;;;;;;;;;;;
 0,42 ; 0,42 ;;;;;;;;;;;;;
 0,39 ; 0,39 ;;;;;;;;;;;;;
 0,72 ; 0,72 ;;;;;;;;;;;;;
 0,16 ; 0,82 ;;;;;;;;;;;;;
 0,71 ; 0,71 ;;;;;;;;;;;;;
 0,53 ; 0,84 ;;;;;;;;;;;;;
 0,38 ; 0,38 ;;;;;;;;;;;;;
 0,01 ; 0,06 ;;;;;;;;;;;;;
 0,02 ; 0,02 ;;;;;;;;;;;;;
 0,02 ; 0,03 ;;;;;;;;;;;;;
 0,01 ; 0,03 ;;;;;;;;;;;;;
 0,01 ; 0,02 ;;;;;;;;;;;;;
 0,01 ; 0,04 ;;;;;;;;;;;;;
 0,01 ; 0,02 ;;;;;;;;;;;;;
 0,01 ; 0,08 ;;;;;;;;;;;;;
 0,01 ; 0,03 ;;;;;;;;;;;;;
 0,01 ; 0,03 ;;;;;;;;;;;;;
 0,28 ; 0,73 ;;;;;;;;;;;;;
 0,53 ; 0,78 ;;;;;;;;;;;;;
 0,11 ; 0,13 ;;;;;;;;;;;;;
 0,03 ; 0,04 ;;;;;;;;;;;;;
 0,14 ; 0,18 ;;;;;;;;;;;;;
 0,07 ; 0,13 ;;;;;;;;;;;;;
 0,04 ; 0,06 ;;;;;;;;;;;;;
 0,20 ; 0,32 ;;;;;;;;;;;;;
 0,06 ; 0,08 ;;;;;;;;;;;;;
 0,08 ; 0,13 ;;;;;;;;;;;;;
 0,01 ; 0,02 ;;;;;;;;;;;;;
 0,56 ; 0,58 ;;;;;;;;;;;;;
 0,14 ; 0,19 ;;;;;;;;;;;;;
 0,24 ; 0,78 ;;;;;;;;;;;;;
 0,17 ; 0,26 ;;;;;;;;;;;;;
 0,10 ; 0,28 ;;;;;;;;;;;;;
 0,15 ; 0,43 ;;;;;;;;;;;;;
 0,12 ; 0,34 ;;;;;;;;;;;;;
 0,21 ; 0,32 ;;;;;;;;;;;;;
 0,13 ; 0,23 ;;;;;;;;;;;;;
 0,28 ; 0,71 ;;;;;;;;;;;;;
 0,19 ; 0,29 ;;;;;;;;;;;;;
 0,13 ; 0,44 ;;;;;;;;;;;;;
 0,47 ; 0,50 ;;;;;;;;;;;;;
 0,08 ; 0,14 ;;;;;;;;;;;;;
 0,10 ; 0,16 ;;;;;;;;;;;;;
 0,20 ; 0,49 ;;;;;;;;;;;;;
 0,45 ; 0,45 ;;;;;;;;;;;;;
 0,19 ; 0,85 ;;;;;;;;;;;;;
 0,03 ; 0,05 ;;;;;;;;;;;;;
 0,04 ; 0,06 ;;;;;;;;;;;;;
 0,28 ; 0,30 ;;;;;;;;;;;;;
 0,07 ; 0,08 ;;;;;;;;;;;;;
 0,19 ; 0,21 ;;;;;;;;;;;;;
 0,36 ; 0,48 ;;;;;;;;;;;;;
 0,20 ; 0,34 ;;;;;;;;;;;;;
 0,26 ; 0,41 ;;;;;;;;;;;;;
 0,21 ; 0,30 ;;;;;;;;;;;;;
 0,38 ; 0,74 ;;;;;;;;;;;;;
 0,20 ; 0,34 ;;;;;;;;;;;;;
 0,19 ; 0,29 ;;;;;;;;;;;;;
 0,26 ; 0,41 ;;;;;;;;;;;;;
 0,20 ; 0,22 ;;;;;;;;;;;;;
 0,38 ; 0,38 ;;;;;;;;;;;;;
 0,35 ; 0,38 ;;;;;;;;;;;;;
 1,00 ; 1,00 ;;;;;;;;;;;;;
 0,16 ; 0,43 ;;;;;;;;;;;;;
 1,00 ; 1,00 ;;;;;;;;;;;;;
 0,85 ; 0,85 ;;;;;;;;;;;;;
 0,16 ; 0,43 ;;;;;;;;;;;;;
 0,82 ; 0,82 ;;;;;;;;;;;;;
 0,07 ; 0,08 ;;;;;;;;;;;;;
 0,20 ; 0,49 ;;;;;;;;;;;;;
 0,05 ; 0,08 ;;;;;;;;;;;;;
 1,00 ; 1,00 ;;;;;;;;;;;;;
 0,16 ; 0,18 ;;;;;;;;;;;;;
 0,19 ; 0,60 ;;;;;;;;;;;;;
 0,25 ; 0,28 ;;;;;;;;;;;;;
 0,02 ; 0,02 ;;;;;;;;;;;;;
 0,11 ; 0,12 ;;;;;;;;;;;;;
 0,07 ; 0,07 ;;;;;;;;;;;;;
 0,46 ; 0,46 ;;;;;;;;;;;;;
 0,07 ; 0,07 ;;;;;;;;;;;;;
 0,03 ; 0,05 ;;;;;;;;;;;;;
 0,04 ; 0,06 ;;;;;;;;;;;;;
 0,02 ; 0,09 ;;;;;;;;;;;;;
 0,40 ; 0,64 ;;;;;;;;;;;;;
 0,48 ; 0,96 ;;;;;;;;;;;;;
 1,00 ; 1,00 ;;;;;;;;;;;;;
 0,03 ; 0,05 ;;;;;;;;;;;;;
 0,05 ; 0,05 ;;;;;;;;;;;;;
 1,00 ; 1,00 ;;;;;;;;;;;;;
 0,11 ; 0,18 ;;;;;;;;;;;;;
 0,44 ; 0,54 ;;;;;;;;;;;;;
 0,29 ; 0,33 ;;;;;;;;;;;;;
 0,07 ; 0,08 ;;;;;;;;;;;;;
 0,80 ; 0,80 ;;;;;;;;;;;;;
 0,11 ; 0,68 ;;;;;;;;;;;;;
 0,24 ; 0,24 ;;;;;;;;;;;;;
 0,44 ; 0,46 ;;;;;;;;;;;;;
 0,02 ; 0,03 ;;;;;;;;;;;;;
 0,07 ; 0,09 ;;;;;;;;;;;;;
 0,23 ; 0,26 ;;;;;;;;;;;;;
 0,30 ; 0,46 ;;;;;;;;;;;;;
 0,31 ; 0,36 ;;;;;;;;;;;;;
 0,18 ; 0,27 ;;;;;;;;;;;;;
 0,15 ; 0,17 ;;;;;;;;;;;;;
 0,28 ; 0,28 ;;;;;;;;;;;;;
 0,09 ; 0,10 ;;;;;;;;;;;;;
 0,15 ; 0,16 ;;;;;;;;;;;;;
 0,50 ; 0,50 ;;;;;;;;;;;;;
 0,46 ; 0,46 ;;;;;;;;;;;;;
 0,47 ; 0,47 ;;;;;;;;;;;;;
 0,49 ; 0,49 ;;;;;;;;;;;;;
 0,29 ; 0,37 ;;;;;;;;;;;;;
 0,38 ; 0,38 ;;;;;;;;;;;;;
 0,82 ; 0,82 ;;;;;;;;;;;;;
 0,05 ; 0,08 ;;;;;;;;;;;;;
 0,02 ; 0,05 ;;;;;;;;;;;;;
 0,11 ; 0,12 ;;;;;;;;;;;;;
 0,08 ; 0,17 ;;;;;;;;;;;;;
 0,29 ; 0,35 ;;;;;;;;;;;;;
 0,03 ; 0,03 ;;;;;;;;;;;;;
 0,23 ; 0,31 ;;;;;;;;;;;;;
 0,37 ; 0,57 ;;;;;;;;;;;;;
 0,33 ; 0,60 ;;;;;;;;;;;;;
 0,31 ; 0,69 ;;;;;;;;;;;;;
 0,47 ; 0,47 ;;;;;;;;;;;;;
 0,02 ; 0,05 ;;;;;;;;;;;;;
 0,08 ; 0,13 ;;;;;;;;;;;;;
 0,20 ; 0,42 ;;;;;;;;;;;;;
 0,20 ; 0,42 ;;;;;;;;;;;;;
 0,06 ; 0,16 ;;;;;;;;;;;;;
 0,10 ; 0,20 ;;;;;;;;;;;;;
 0,12 ; 0,22 ;;;;;;;;;;;;;
 0,02 ; 0,05 ;;;;;;;;;;;;;
 0,03 ; 0,05 ;;;;;;;;;;;;;
 0,01 ; 0,04 ;;;;;;;;;;;;;
 0,07 ; 0,30 ;;;;;;;;;;;;;
 0,11 ; 0,14 ;;;;;;;;;;;;;
 0,09 ; 0,26 ;;;;;;;;;;;;;
 0,19 ; 0,20 ;;;;;;;;;;;;;
 0,12 ; 0,15 ;;;;;;;;;;;;;
 0,30 ; 0,31 ;;;;;;;;;;;;;
 0,24 ; 0,33 ;;;;;;;;;;;;;
 0,13 ; 0,20 ;;;;;;;;;;;;;
 0,04 ; 0,43 ;;;;;;;;;;;;;
 0,25 ; 0,59 ;;;;;;;;;;;;;
 0,31 ; 0,62 ;;;;;;;;;;;;;
 0,17 ; 0,33 ;;;;;;;;;;;;;
 0,13 ; 0,35 ;;;;;;;;;;;;;
 0,51 ; 0,62 ;;;;;;;;;;;;;
 0,18 ; 0,25 ;;;;;;;;;;;;;
 0,11 ; 0,12 ;;;;;;;;;;;;;
 0,09 ; 0,11 ;;;;;;;;;;;;;
 0,11 ; 0,14 ;;;;;;;;;;;;;
 0,31 ; 0,42 ;;;;;;;;;;;;;
 0,08 ; 0,15 ;;;;;;;;;;;;;
 0,03 ; 0,04 ;;;;;;;;;;;;;
 0,03 ; 0,06 ;;;;;;;;;;;;;
 0,04 ; 0,08 ;;;;;;;;;;;;;
 0,04 ; 0,08 ;;;;;;;;;;;;;
 0,04 ; 0,08 ;;;;;;;;;;;;;
 0,03 ; 0,04 ;;;;;;;;;;;;;
 0,03 ; 0,04 ;;;;;;;;;;;;;
 0,04 ; 0,07 ;;;;;;;;;;;;;
 0,03 ; 0,03 ;;;;;;;;;;;;;
 0,04 ; 0,07 ;;;;;;;;;;;;;
 0,02 ; 0,03 ;;;;;;;;;;;;;
 0,01 ; 0,02 ;;;;;;;;;;;;;
 0,03 ; 0,04 ;;;;;;;;;;;;;
 0,03 ; 0,04 ;;;;;;;;;;;;;
 0,05 ; 0,06 ;;;;;;;;;;;;;
 0,03 ; 0,22 ;;;;;;;;;;;;;
 0,02 ; 0,02 ;;;;;;;;;;;;;
 0,07 ; 0,10 ;;;;;;;;;;;;;
 0,34 ; 0,40 ;;;;;;;;;;;;;
 0,04 ; 0,04 ;;;;;;;;;;;;;
 0,03 ; 0,03 ;;;;;;;;;;;;;
 0,20 ; 0,23 ;;;;;;;;;;;;;
 0,20 ; 0,22 ;;;;;;;;;;;;;
 0,17 ; 0,38 ;;;;;;;;;;;;;
 0,15 ; 0,18 ;;;;;;;;;;;;;
 0,19 ; 0,23 ;;;;;;;;;;;;;
 0,36 ; 0,43 ;;;;;;;;;;;;;
 0,47 ; 0,54 ;;;;;;;;;;;;;
 0,14 ; 0,15 ;;;;;;;;;;;;;
 0,09 ; 0,09 ;;;;;;;;;;;;;
 0,03 ; 0,22 ;;;;;;;;;;;;;
 0,21 ; 0,25 ;;;;;;;;;;;;;
 0,03 ; 0,13 ;;;;;;;;;;;;;
 0,67 ; 0,86 ;;;;;;;;;;;;;
 0,56 ; 0,65 ;;;;;;;;;;;;;
 0,41 ; 0,46 ;;;;;;;;;;;;;
 0,66 ; 0,88 ;;;;;;;;;;;;;
 0,13 ; 0,15 ;;;;;;;;;;;;;
 0,37 ; 0,66 ;;;;;;;;;;;;;
 0,41 ; 0,50 ;;;;;;;;;;;;;
 0,22 ; 0,26 ;;;;;;;;;;;;;
 0,41 ; 0,46 ;;;;;;;;;;;;;
 0,21 ; 0,23 ;;;;;;;;;;;;;
 0,19 ; 0,28 ;;;;;;;;;;;;;
 0,26 ; 0,29 ;;;;;;;;;;;;;
 0,31 ; 0,35 ;;;;;;;;;;;;;
 0,75 ; 0,75 ;;;;;;;;;;;;;
 0,75 ; 0,75 ;;;;;;;;;;;;;
 0,75 ; 0,75 ;;;;;;;;;;;;;
 0,75 ; 0,75 ;;;;;;;;;;;;;
 0,03 ; 0,03 ;;;;;;;;;;;;;
 0,03 ; 0,03 ;;;;;;;;;;;;;
 0,03 ; 0,04 ;;;;;;;;;;;;;
 0,03 ; 0,04 ;;;;;;;;;;;;;
 0,01 ; 0,01 ;;;;;;;;;;;;;
 0,04 ; 0,06 ;;;;;;;;;;;;;
 0,02 ; 0,02 ;;;;;;;;;;;;;
 0,07 ; 0,09 ;;;;;;;;;;;;;
 0,02 ; 0,03 ;;;;;;;;;;;;;
 0,07 ; 0,10 ;;;;;;;;;;;;;
 0,03 ; 0,04 ;;;;;;;;;;;;;
 0,01 ; 0,01 ;;;;;;;;;;;;;
 0,05 ; 0,06 ;;;;;;;;;;;;;
 0,06 ; 0,07 ;;;;;;;;;;;;;
 0,03 ; 0,04 ;;;;;;;;;;;;;
 0,01 ; 0,01 ;;;;;;;;;;;;;
 0,01 ; 0,01 ;;;;;;;;;;;;;
 0,01 ; 0,02 ;;;;;;;;;;;;;
 0,06 ; 0,08 ;;;;;;;;;;;;;
 0,04 ; 0,05 ;;;;;;;;;;;;;
 0,05 ; 0,07 ;;;;;;;;;;;;;
 0,03 ; 0,04 ;;;;;;;;;;;;;
 0,02 ; 0,02 ;;;;;;;;;;;;;
 0,02 ; 0,02 ;;;;;;;;;;;;;
 0,02 ; 0,02 ;;;;;;;;;;;;;
 0,06 ; 0,07 ;;;;;;;;;;;;;
 0,07 ; 0,09 ;;;;;;;;;;;;;
 0,01 ; 0,01 ;;;;;;;;;;;;;
 0,03 ; 0,04 ;;;;;;;;;;;;;
 0,04 ; 0,05 ;;;;;;;;;;;;;
 0,02 ; 0,04 ;;;;;;;;;;;;;
 0,02 ; 0,03 ;;;;;;;;;;;;;
 0,02 ; 0,02 ;;;;;;;;;;;;;
 0,01 ; 0,02 ;;;;;;;;;;;;;
 0,01 ; 0,02 ;;;;;;;;;;;;;
 0,02 ; 0,02 ;;;;;;;;;;;;;
 0,01 ; 0,01 ;;;;;;;;;;;;;
 0,01 ; 0,01 ;;;;;;;;;;;;;
 0,01 ; 0,02 ;;;;;;;;;;;;;
 0,04 ; 0,05 ;;;;;;;;;;;;;
 0,04 ; 0,05 ;;;;;;;;;;;;;
 0,04 ; 0,06 ;;;;;;;;;;;;;
 0,04 ; 0,06 ;;;;;;;;;;;;;
 0,04 ; 0,05 ;;;;;;;;;;;;;
 0,01 ; 0,01 ;;;;;;;;;;;;;
 0,02 ; 0,03 ;;;;;;;;;;;;;
 0,02 ; 0,03 ;;;;;;;;;;;;;
 0,02 ; 0,03 ;;;;;;;;;;;;;
 0,02 ; 0,03 ;;;;;;;;;;;;;
 0,02 ; 0,03 ;;;;;;;;;;;;;
 0,02 ; 0,03 ;;;;;;;;;;;;;
 0,01 ; 0,02 ;;;;;;;;;;;;;
 0,02 ; 0,03 ;;;;;;;;;;;;;
 0,01 ; 0,01 ;;;;;;;;;;;;;
 0,01 ; 0,02 ;;;;;;;;;;;;;
 0,01 ; 0,01 ;;;;;;;;;;;;;
 0,02 ; 0,03 ;;;;;;;;;;;;;
 0,02 ; 0,03 ;;;;;;;;;;;;;
 0,06 ; 0,08 ;;;;;;;;;;;;;
 0,04 ; 0,05 ;;;;;;;;;;;;;
 0,03 ; 0,03 ;;;;;;;;;;;;;
 0,02 ; 0,02 ;;;;;;;;;;;;;
 0,02 ; 0,02 ;;;;;;;;;;;;;
 0,02 ; 0,03 ;;;;;;;;;;;;;
 0,02 ; 0,02 ;;;;;;;;;;;;;
 0,03 ; 0,04 ;;;;;;;;;;;;;
 0,02 ; 0,02 ;;;;;;;;;;;;;
 0,02 ; 0,02 ;;;;;;;;;;;;;
 0,01 ; 0,01 ;;;;;;;;;;;;;
 0,07 ; 0,09 ;;;;;;;;;;;;;
 0,04 ; 0,06 ;;;;;;;;;;;;;
 0,06 ; 0,08 ;;;;;;;;;;;;;
 0,02 ; 0,02 ;;;;;;;;;;;;;
 0,02 ; 0,03 ;;;;;;;;;;;;;
 0,08 ; 0,11 ;;;;;;;;;;;;;
 0,02 ; 0,03 ;;;;;;;;;;;;;
 0,09 ; 0,17 ;;;;;;;;;;;;;
 0,11 ; 0,19 ;;;;;;;;;;;;;
 0,12 ; 0,14 ;;;;;;;;;;;;;
 0,19 ; 0,21 ;;;;;;;;;;;;;
 0,17 ; 0,22 ;;;;;;;;;;;;;
 0,04 ; 0,05 ;;;;;;;;;;;;;
 0,28 ; 0,30 ;;;;;;;;;;;;;
 0,18 ; 0,18 ;;;;;;;;;;;;;
 0,09 ; 0,11 ;;;;;;;;;;;;;
 0,23 ; 0,74 ;;;;;;;;;;;;;
 0,06 ; 0,18 ;;;;;;;;;;;;;
 0,15 ; 0,43 ;;;;;;;;;;;;;
 0,21 ; 0,68 ;;;;;;;;;;;;;
 0,19 ; 0,55 ;;;;;;;;;;;;;
 0,15 ; 0,42 ;;;;;;;;;;;;;
 0,21 ; 0,68 ;;;;;;;;;;;;;
 0,24 ; 0,76 ;;;;;;;;;;;;;
 0,28 ; 0,86 ;;;;;;;;;;;;;
 0,09 ; 0,27 ;;;;;;;;;;;;;
 0,27 ; 0,86 ;;;;;;;;;;;;;
 0,19 ; 0,55 ;;;;;;;;;;;;;
 0,26 ; 0,84 ;;;;;;;;;;;;;
 0,16 ; 0,45 ;;;;;;;;;;;;;
 0,17 ; 0,49 ;;;;;;;;;;;;;
 0,22 ; 0,71 ;;;;;;;;;;;;;
 0,28 ; 0,86 ;;;;;;;;;;;;;
 0,23 ; 0,74 ;;;;;;;;;;;;;
 0,23 ; 0,74 ;;;;;;;;;;;;;
 0,23 ; 0,74 ;;;;;;;;;;;;;
 0,12 ; 0,33 ;;;;;;;;;;;;;
 0,27 ; 0,86 ;;;;;;;;;;;;;
 0,26 ; 0,84 ;;;;;;;;;;;;;
 0,26 ; 0,82 ;;;;;;;;;;;;;
 0,28 ; 0,86 ;;;;;;;;;;;;;
 0,19 ; 0,56 ;;;;;;;;;;;;;
 0,25 ; 0,80 ;;;;;;;;;;;;;
 0,27 ; 0,86 ;;;;;;;;;;;;;
 0,10 ; 0,29 ;;;;;;;;;;;;;
 0,28 ; 0,86 ;;;;;;;;;;;;;
 0,18 ; 0,52 ;;;;;;;;;;;;;
 0,18 ; 0,51 ;;;;;;;;;;;;;
 0,19 ; 0,54 ;;;;;;;;;;;;;
 0,10 ; 0,29 ;;;;;;;;;;;;;
 0,14 ; 0,39 ;;;;;;;;;;;;;
 0,28 ; 0,86 ;;;;;;;;;;;;;
 0,14 ; 0,41 ;;;;;;;;;;;;;
 0,12 ; 0,34 ;;;;;;;;;;;;;
 0,17 ; 0,49 ;;;;;;;;;;;;;
 0,08 ; 0,23 ;;;;;;;;;;;;;
 0,14 ; 0,39 ;;;;;;;;;;;;;
 0,20 ; 0,57 ;;;;;;;;;;;;;
 0,19 ; 0,54 ;;;;;;;;;;;;;
 0,19 ; 0,54 ;;;;;;;;;;;;;
 0,24 ; 0,76 ;;;;;;;;;;;;;
 0,11 ; 0,31 ;;;;;;;;;;;;;
 0,25 ; 0,80 ;;;;;;;;;;;;;
 0,21 ; 0,68 ;;;;;;;;;;;;;
 0,22 ; 0,70 ;;;;;;;;;;;;;
 0,22 ; 0,70 ;;;;;;;;;;;;;
 0,21 ; 0,68 ;;;;;;;;;;;;;
 0,20 ; 0,57 ;;;;;;;;;;;;;
 0,17 ; 0,48 ;;;;;;;;;;;;;
 0,18 ; 0,52 ;;;;;;;;;;;;;
 0,21 ; 0,67 ;;;;;;;;;;;;;
 0,21 ; 0,67 ;;;;;;;;;;;;;
 0,08 ; 0,24 ;;;;;;;;;;;;;
 0,28 ; 0,86 ;;;;;;;;;;;;;
 0,19 ; 0,55 ;;;;;;;;;;;;;
 0,19 ; 0,55 ;;;;;;;;;;;;;
 0,14 ; 0,24 ;;;;;;;;;;;;;
 0,12 ; 0,16 ;;;;;;;;;;;;;
 0,22 ; 0,27 ;;;;;;;;;;;;;
 0,22 ; 0,27 ;;;;;;;;;;;;;
 0,29 ; 0,33 ;;;;;;;;;;;;;
 0,36 ; 0,62 ;;;;;;;;;;;;;
 0,24 ; 0,35 ;;;;;;;;;;;;;
 0,35 ; 0,40 ;;;;;;;;;;;;;
 0,45 ; 0,48 ;;;;;;;;;;;;;
 0,20 ; 0,27 ;;;;;;;;;;;;;
 0,49 ; 0,54 ;;;;;;;;;;;;;
 0,13 ; 0,46 ;;;;;;;;;;;;;
 0,27 ; 0,28 ;;;;;;;;;;;;;
 0,29 ; 0,31 ;;;;;;;;;;;;;
 0,05 ; 0,45 ;;;;;;;;;;;;;
 0,28 ; 0,30 ;;;;;;;;;;;;;
 0,12 ; 0,13 ;;;;;;;;;;;;;
 0,11 ; 0,20 ;;;;;;;;;;;;;
 0,20 ; 0,25 ;;;;;;;;;;;;;
 0,21 ; 0,23 ;;;;;;;;;;;;;
 0,21 ; 0,22 ;;;;;;;;;;;;;
 0,14 ; 0,24 ;;;;;;;;;;;;;
 0,09 ; 0,12 ;;;;;;;;;;;;;
 0,06 ; 0,09 ;;;;;;;;;;;;;
 0,11 ; 0,20 ;;;;;;;;;;;;;
 0,11 ; 0,16 ;;;;;;;;;;;;;
 0,14 ; 0,14 ;;;;;;;;;;;;;
 0,05 ; 0,06 ;;;;;;;;;;;;;
 0,09 ; 0,12 ;;;;;;;;;;;;;
 0,14 ; 0,18 ;;;;;;;;;;;;;
 0,16 ; 0,18 ;;;;;;;;;;;;;
 0,29 ; 0,31 ;;;;;;;;;;;;;
 0,23 ; 0,27 ;;;;;;;;;;;;;
 0,09 ; 0,18 ;;;;;;;;;;;;;
 0,07 ; 0,11 ;;;;;;;;;;;;;
 0,11 ; 0,22 ;;;;;;;;;;;;;
 0,06 ; 0,08 ;;;;;;;;;;;;;
 0,09 ; 0,10 ;;;;;;;;;;;;;
 0,03 ; 0,03 ;;;;;;;;;;;;;
 0,02 ; 0,03 ;;;;;;;;;;;;;
 0,04 ; 0,06 ;;;;;;;;;;;;;
 0,16 ; 0,35 ;;;;;;;;;;;;;
 0,14 ; 0,28 ;;;;;;;;;;;;;
 0,04 ; 0,06 ;;;;;;;;;;;;;
 0,02 ; 0,16 ;;;;;;;;;;;;;
 0,26 ; 0,29 ;;;;;;;;;;;;;
 0,16 ; 0,18 ;;;;;;;;;;;;;
 0,14 ; 0,31 ;;;;;;;;;;;;;
 0,14 ; 0,14 ;;;;;;;;;;;;;
 0,03 ; 0,03 ;;;;;;;;;;;;;
 0,02 ; 0,04 ;;;;;;;;;;;;;
 0,04 ; 0,06 ;;;;;;;;;;;;;
 0,09 ; 0,12 ;;;;;;;;;;;;;
 0,06 ; 0,09 ;;;;;;;;;;;;;
 0,19 ; 0,22 ;;;;;;;;;;;;;
 0,08 ; 0,09 ;;;;;;;;;;;;;
 0,07 ; 0,13 ;;;;;;;;;;;;;
 0,05 ; 0,06 ;;;;;;;;;;;;;
 0,16 ; 0,16 ;;;;;;;;;;;;;
 0,10 ; 0,27 ;;;;;;;;;;;;;
 0,11 ; 0,19 ;;;;;;;;;;;;;
 0,17 ; 0,46 ;;;;;;;;;;;;;
 0,21 ; 0,25 ;;;;;;;;;;;;;
 0,17 ; 0,20 ;;;;;;;;;;;;;
 0,36 ; 0,40 ;;;;;;;;;;;;;
 0,06 ; 0,07 ;;;;;;;;;;;;;
 0,06 ; 0,17 ;;;;;;;;;;;;;
 0,02 ; 0,02 ;;;;;;;;;;;;;
 0,02 ; 0,02 ;;;;;;;;;;;;;
 0,01 ; 0,01 ;;;;;;;;;;;;;
 0,02 ; 0,02 ;;;;;;;;;;;;;
 0,15 ; 0,18 ;;;;;;;;;;;;;
 0,15 ; 0,18 ;;;;;;;;;;;;;
 0,22 ; 0,27 ;;;;;;;;;;;;;
 0,22 ; 0,27 ;;;;;;;;;;;;;
 0,14 ; 0,15 ;;;;;;;;;;;;;
 0,32 ; 0,34 ;;;;;;;;;;;;;
 0,25 ; 0,27 ;;;;;;;;;;;;;
 0,54 ; 0,58 ;;;;;;;;;;;;;
 0,54 ; 0,58 ;;;;;;;;;;;;;
 0,54 ; 0,58 ;;;;;;;;;;;;;
 0,54 ; 0,58 ;;;;;;;;;;;;;
 0,22 ; 0,26 ;;;;;;;;;;;;;
 0,18 ; 0,22 ;;;;;;;;;;;;;
 0,23 ; 0,37 ;;;;;;;;;;;;;
 0,29 ; 0,30 ;;;;;;;;;;;;;
 0,31 ; 0,34 ;;;;;;;;;;;;;
 0,11 ; 0,13 ;;;;;;;;;;;;;
 0,20 ; 0,24 ;;;;;;;;;;;;;
 0,10 ; 0,12 ;;;;;;;;;;;;;
 0,17 ; 0,23 ;;;;;;;;;;;;;
 0,38 ; 0,49 ;;;;;;;;;;;;;
 0,44 ; 0,46 ;;;;;;;;;;;;;
 0,32 ; 0,35 ;;;;;;;;;;;;;
 0,10 ; 0,10 ;;;;;;;;;;;;;
 0,04 ; 0,05 ;;;;;;;;;;;;;
 0,15 ; 0,27 ;;;;;;;;;;;;;
 0,08 ; 0,13 ;;;;;;;;;;;;;
 0,02 ; 0,04 ;;;;;;;;;;;;;
 0,71 ; 0,86 ;;;;;;;;;;;;;
 0,02 ; 0,05 ;;;;;;;;;;;;;
 0,04 ; 0,07 ;;;;;;;;;;;;;
 0,04 ; 0,08 ;;;;;;;;;;;;;
 0,42 ; 0,78 ;;;;;;;;;;;;;
 0,11 ; 0,20 ;;;;;;;;;;;;;
 0,39 ; 0,46 ;;;;;;;;;;;;;
 0,17 ; 0,63 ;;;;;;;;;;;;;
 0,02 ; 0,04 ;;;;;;;;;;;;;
 0,03 ; 0,26 ;;;;;;;;;;;;;
 0,19 ; 0,32 ;;;;;;;;;;;;;
 0,50 ; 0,82 ;;;;;;;;;;;;;
 0,21 ; 0,28 ;;;;;;;;;;;;;
 0,56 ; 0,56 ;;;;;;;;;;;;;
 0,35 ; 0,56 ;;;;;;;;;;;;;
 0,21 ; 0,23 ;;;;;;;;;;;;;
 0,29 ; 0,29 ;;;;;;;;;;;;;
 0,28 ; 0,34 ;;;;;;;;;;;;;
 0,18 ; 0,85 ;;;;;;;;;;;;;
 0,46 ; 0,46 ;;;;;;;;;;;;;
 0,42 ; 0,42 ;;;;;;;;;;;;;
 0,10 ; 0,15 ;;;;;;;;;;;;;
 0,08 ; 0,12 ;;;;;;;;;;;;;
 0,36 ; 0,57 ;;;;;;;;;;;;;
 0,07 ; 0,11 ;;;;;;;;;;;;;
 0,03 ; 0,05 ;;;;;;;;;;;;;
 0,03 ; 0,04 ;;;;;;;;;;;;;
 0,02 ; 0,03 ;;;;;;;;;;;;;
 0,03 ; 0,04 ;;;;;;;;;;;;;
 0,03 ; 0,04 ;;;;;;;;;;;;;
 0,76 ; 0,76 ;;;;;;;;;;;;;
 0,45 ; 0,69 ;;;;;;;;;;;;;
 0,85 ; 0,85 ;;;;;;;;;;;;;
 0,18 ; 0,47 ;;;;;;;;;;;;;
 0,17 ; 0,58 ;;;;;;;;;;;;;
 0,43 ; 0,56 ;;;;;;;;;;;;;
 0,27 ; 0,62 ;;;;;;;;;;;;;
 0,11 ; 0,33 ;;;;;;;;;;;;;
 0,30 ; 0,52 ;;;;;;;;;;;;;
 0,09 ; 0,16 ;;;;;;;;;;;;;
 0,02 ; 0,04 ;;;;;;;;;;;;;
 0,25 ; 0,46 ;;;;;;;;;;;;;
 0,10 ; 0,31 ;;;;;;;;;;;;;
 0,19 ; 0,24 ;;;;;;;;;;;;;
 0,89 ; 0,89 ;;;;;;;;;;;;;
 0,55 ; 0,55 ;;;;;;;;;;;;;
 0,49 ; 0,57 ;;;;;;;;;;;;;
 0,46 ; 0,56 ;;;;;;;;;;;;;
 0,07 ; 0,12 ;;;;;;;;;;;;;
 0,05 ; 0,09 ;;;;;;;;;;;;;
 0,11 ; 0,27 ;;;;;;;;;;;;;
 0,11 ; 0,12 ;;;;;;;;;;;;;
 0,11 ; 0,38 ;;;;;;;;;;;;;
 0,25 ; 0,25 ;;;;;;;;;;;;;
 0,10 ; 0,29 ;;;;;;;;;;;;;
 0,14 ; 0,36 ;;;;;;;;;;;;;
 0,22 ; 0,56 ;;;;;;;;;;;;;
 0,90 ; 0,90 ;;;;;;;;;;;;;
 0,09 ; 0,12 ;;;;;;;;;;;;;
 0,16 ; 0,71 ;;;;;;;;;;;;;
 0,15 ; 0,70 ;;;;;;;;;;;;;
 0,15 ; 0,70 ;;;;;;;;;;;;;
 0,01 ; 0,01 ;;;;;;;;;;;;;
 0,50 ; 0,50 ;;;;;;;;;;;;;
 0,21 ; 0,92 ;;;;;;;;;;;;;
 0,86 ; 1,00 ;;;;;;;;;;;;;
 0,85 ; 1,00 ;;;;;;;;;;;;;
 0,22 ; 0,27 ;;;;;;;;;;;;;
 0,38 ; 0,38 ;;;;;;;;;;;;;
 0,74 ; 0,81 ;;;;;;;;;;;;;
 0,15 ; 0,79 ;;;;;;;;;;;;;
 0,11 ; 0,13 ;;;;;;;;;;;;;
 0,11 ; 0,60 ;;;;;;;;;;;;;
 0,20 ; 0,93 ;;;;;;;;;;;;;
 0,07 ; 0,15 ;;;;;;;;;;;;;
 0,15 ; 0,35 ;;;;;;;;;;;;;
 0,26 ; 0,53 ;;;;;;;;;;;;;
 0,02 ; 0,03 ;;;;;;;;;;;;;
 0,02 ; 0,03 ;;;;;;;;;;;;;
 0,03 ; 0,04 ;;;;;;;;;;;;;
 0,38 ; 0,58 ;;;;;;;;;;;;;
 0,13 ; 0,21 ;;;;;;;;;;;;;
 0,15 ; 0,25 ;;;;;;;;;;;;;
 0,36 ; 0,36 ;;;;;;;;;;;;;
 0,23 ; 0,34 ;;;;;;;;;;;;;
 0,27 ; 0,43 ;;;;;;;;;;;;;
 0,15 ; 0,57 ;;;;;;;;;;;;;
 0,20 ; 0,30 ;;;;;;;;;;;;;
 0,24 ; 0,34 ;;;;;;;;;;;;;
 0,53 ; 0,56 ;;;;;;;;;;;;;
 0,08 ; 0,10 ;;;;;;;;;;;;;
 0,91 ; 1,00 ;;;;;;;;;;;;;
 0,66 ; 0,66 ;;;;;;;;;;;;;
 0,28 ; 0,28 ;;;;;;;;;;;;;
 0,44 ; 0,44 ;;;;;;;;;;;;;
 0,03 ; 0,05 ;;;;;;;;;;;;;
 0,08 ; 0,10 ;;;;;;;;;;;;;
 0,40 ; 0,42 ;;;;;;;;;;;;;
 0,13 ; 0,78 ;;;;;;;;;;;;;
 0,10 ; 0,64 ;;;;;;;;;;;;;
 0,06 ; 0,12 ;;;;;;;;;;;;;
 0,13 ; 0,62 ;;;;;;;;;;;;;
 0,15 ; 0,32 ;;;;;;;;;;;;;
 0,11 ; 0,22 ;;;;;;;;;;;;;
 0,10 ; 0,25 ;;;;;;;;;;;;;
 0,11 ; 0,24 ;;;;;;;;;;;;;
 0,06 ; 0,13 ;;;;;;;;;;;;;
 0,08 ; 0,19 ;;;;;;;;;;;;;
 0,14 ; 0,48 ;;;;;;;;;;;;;
 0,09 ; 0,30 ;;;;;;;;;;;;;
 0,10 ; 0,48 ;;;;;;;;;;;;;
 0,14 ; 0,60 ;;;;;;;;;;;;;
 0,12 ; 0,30 ;;;;;;;;;;;;;
 0,07 ; 0,34 ;;;;;;;;;;;;;
 0,09 ; 0,23 ;;;;;;;;;;;;;
 0,13 ; 0,24 ;;;;;;;;;;;;;
 0,17 ; 0,57 ;;;;;;;;;;;;;
 0,16 ; 0,52 ;;;;;;;;;;;;;
 0,08 ; 0,14 ;;;;;;;;;;;;;
 0,28 ; 0,32 ;;;;;;;;;;;;;
 0,17 ; 0,34 ;;;;;;;;;;;;;
 0,07 ; 0,17 ;;;;;;;;;;;;;
 0,08 ; 0,18 ;;;;;;;;;;;;;
 0,13 ; 0,62 ;;;;;;;;;;;;;
 0,16 ; 0,27 ;;;;;;;;;;;;;
 0,09 ; 0,15 ;;;;;;;;;;;;;
 0,09 ; 0,43 ;;;;;;;;;;;;;
 0,13 ; 0,36 ;;;;;;;;;;;;;
 0,16 ; 0,18 ;;;;;;;;;;;;;
 0,02 ; 0,08 ;;;;;;;;;;;;;
 0,13 ; 0,20 ;;;;;;;;;;;;;
 0,13 ; 0,19 ;;;;;;;;;;;;;
 0,12 ; 0,22 ;;;;;;;;;;;;;
 0,12 ; 0,21 ;;;;;;;;;;;;;
 0,07 ; 0,20 ;;;;;;;;;;;;;
 0,16 ; 0,24 ;;;;;;;;;;;;;
 0,05 ; 0,17 ;;;;;;;;;;;;;
 0,07 ; 0,20 ;;;;;;;;;;;;;
 0,05 ; 0,15 ;;;;;;;;;;;;;
 0,07 ; 0,19 ;;;;;;;;;;;;;
 0,04 ; 0,10 ;;;;;;;;;;;;;
 0,06 ; 0,29 ;;;;;;;;;;;;;
 0,04 ; 0,11 ;;;;;;;;;;;;;
 0,06 ; 0,29 ;;;;;;;;;;;;;
 0,04 ; 0,13 ;;;;;;;;;;;;;
 0,04 ; 0,17 ;;;;;;;;;;;;;
 0,08 ; 0,34 ;;;;;;;;;;;;;
 0,33 ; 0,53 ;;;;;;;;;;;;;
 0,10 ; 0,21 ;;;;;;;;;;;;;
 0,13 ; 0,56 ;;;;;;;;;;;;;
 0,09 ; 0,10 ;;;;;;;;;;;;;
 0,28 ; 0,39 ;;;;;;;;;;;;;
 0,16 ; 0,88 ;;;;;;;;;;;;;
 0,34 ; 0,42 ;;;;;;;;;;;;;
 0,64 ; 0,64 ;;;;;;;;;;;;;
 0,62 ; 0,62 ;;;;;;;;;;;;;
 0,14 ; 0,92 ;;;;;;;;;;;;;
 0,53 ; 0,53 ;;;;;;;;;;;;;
 0,47 ; 0,63 ;;;;;;;;;;;;;
 0,64 ; 0,70 ;;;;;;;;;;;;;
 0,11 ; 0,12 ;;;;;;;;;;;;;
 0,27 ; 0,42 ;;;;;;;;;;;;;
 0,39 ; 0,45 ;;;;;;;;;;;;;
 0,33 ; 0,62 ;;;;;;;;;;;;;
 0,14 ; 0,24 ;;;;;;;;;;;;;
 0,49 ; 0,49 ;;;;;;;;;;;;;
 0,27 ; 0,38 ;;;;;;;;;;;;;
 0,05 ; 0,05 ;;;;;;;;;;;;;
 0,07 ; 0,25 ;;;;;;;;;;;;;
 0,29 ; 0,32 ;;;;;;;;;;;;;
 0,51 ; 0,54 ;;;;;;;;;;;;;
 0,06 ; 0,09 ;;;;;;;;;;;;;
 0,67 ; 0,67 ;;;;;;;;;;;;;
 0,07 ; 0,08 ;;;;;;;;;;;;;
 0,08 ; 0,42 ;;;;;;;;;;;;;
 0,05 ; 0,08 ;;;;;;;;;;;;;
 0,25 ; 0,55 ;;;;;;;;;;;;;
 0,50 ; 0,50 ;;;;;;;;;;;;;
 0,16 ; 0,16 ;;;;;;;;;;;;;
 0,80 ; 0,80 ;;;;;;;;;;;;;
 0,52 ; 0,85 ;;;;;;;;;;;;;
 0,18 ; 0,33 ;;;;;;;;;;;;;
 0,17 ; 0,27 ;;;;;;;;;;;;;
 0,77 ; 0,81 ;;;;;;;;;;;;;
 0,25 ; 0,31 ;;;;;;;;;;;;;
 0,20 ; 0,27 ;;;;;;;;;;;;;
 0,45 ; 0,50 ;;;;;;;;;;;;;
 0,17 ; 0,81 ;;;;;;;;;;;;;
 0,17 ; 0,81 ;;;;;;;;;;;;;
 0,23 ; 0,25 ;;;;;;;;;;;;;
 0,04 ; 0,06 ;;;;;;;;;;;;;
 0,02 ; 0,06 ;;;;;;;;;;;;;
 0,02 ; 0,02 ;;;;;;;;;;;;;
 0,03 ; 0,05 ;;;;;;;;;;;;;
 0,01 ; 0,02 ;;;;;;;;;;;;;
 0,01 ; 0,02 ;;;;;;;;;;;;;
 0,02 ; 0,06 ;;;;;;;;;;;;;
 0,02 ; 0,03 ;;;;;;;;;;;;;
 0,01 ; 0,02 ;;;;;;;;;;;;;
 0,04 ; 0,06 ;;;;;;;;;;;;;
 0,03 ; 0,05 ;;;;;;;;;;;;;
 0,03 ; 0,04 ;;;;;;;;;;;;;
 0,01 ; 0,01 ;;;;;;;;;;;;;
 0,06 ; 0,07 ;;;;;;;;;;;;;
 0,02 ; 0,02 ;;;;;;;;;;;;;
 0,05 ; 0,06 ;;;;;;;;;;;;;
 0,05 ; 0,06 ;;;;;;;;;;;;;
 0,05 ; 0,07 ;;;;;;;;;;;;;
 0,04 ; 0,05 ;;;;;;;;;;;;;
 0,03 ; 0,04 ;;;;;;;;;;;;;
 0,02 ; 0,03 ;;;;;;;;;;;;;
 0,02 ; 0,06 ;;;;;;;;;;;;;
 0,02 ; 0,07 ;;;;;;;;;;;;;
 0,04 ; 0,06 ;;;;;;;;;;;;;
 0,02 ; 0,02 ;;;;;;;;;;;;;
 0,03 ; 0,04 ;;;;;;;;;;;;;
 0,05 ; 0,07 ;;;;;;;;;;;;;
 0,04 ; 0,06 ;;;;;;;;;;;;;
 0,02 ; 0,03 ;;;;;;;;;;;;;
 0,01 ; 0,04 ;;;;;;;;;;;;;
 0,02 ; 0,02 ;;;;;;;;;;;;;
 0,03 ; 0,04 ;;;;;;;;;;;;;
 0,02 ; 0,06 ;;;;;;;;;;;;;
 0,03 ; 0,04 ;;;;;;;;;;;;;
 0,04 ; 0,05 ;;;;;;;;;;;;;
 0,05 ; 0,06 ;;;;;;;;;;;;;
 0,04 ; 0,06 ;;;;;;;;;;;;;
 0,03 ; 0,07 ;;;;;;;;;;;;;
 0,03 ; 0,08 ;;;;;;;;;;;;;
 0,03 ; 0,07 ;;;;;;;;;;;;;
 0,03 ; 0,07 ;;;;;;;;;;;;;
 0,04 ; 0,06 ;;;;;;;;;;;;;
 0,02 ; 0,02 ;;;;;;;;;;;;;
 0,02 ; 0,03 ;;;;;;;;;;;;;
 0,07 ; 0,09 ;;;;;;;;;;;;;
 0,07 ; 0,08 ;;;;;;;;;;;;;
 0,02 ; 0,03 ;;;;;;;;;;;;;
 0,02 ; 0,03 ;;;;;;;;;;;;;
 0,03 ; 0,07 ;;;;;;;;;;;;;
 0,06 ; 0,08 ;;;;;;;;;;;;;
 0,05 ; 0,06 ;;;;;;;;;;;;;
 0,01 ; 0,02 ;;;;;;;;;;;;;
 0,01 ; 0,07 ;;;;;;;;;;;;;
 0,06 ; 0,07 ;;;;;;;;;;;;;
 0,04 ; 0,06 ;;;;;;;;;;;;;
 0,02 ; 0,02 ;;;;;;;;;;;;;
 0,03 ; 0,04 ;;;;;;;;;;;;;
 0,02 ; 0,03 ;;;;;;;;;;;;;
 0,03 ; 0,05 ;;;;;;;;;;;;;
 0,01 ; 0,02 ;;;;;;;;;;;;;
 0,01 ; 0,02 ;;;;;;;;;;;;;
 0,01 ; 0,01 ;;;;;;;;;;;;;
 0,03 ; 0,04 ;;;;;;;;;;;;;
 0,02 ; 0,06 ;;;;;;;;;;;;;
 0,01 ; 0,03 ;;;;;;;;;;;;;
 0,02 ; 0,04 ;;;;;;;;;;;;;
 0,01 ; 0,02 ;;;;;;;;;;;;;
 0,04 ; 0,06 ;;;;;;;;;;;;;
 0,01 ; 0,04 ;;;;;;;;;;;;;
 0,02 ; 0,06 ;;;;;;;;;;;;;
 0,02 ; 0,06 ;;;;;;;;;;;;;
 0,02 ; 0,02 ;;;;;;;;;;;;;
 0,02 ; 0,03 ;;;;;;;;;;;;;
 0,02 ; 0,03 ;;;;;;;;;;;;;
 0,03 ; 0,07 ;;;;;;;;;;;;;
 0,03 ; 0,08 ;;;;;;;;;;;;;
 0,03 ; 0,07 ;;;;;;;;;;;;;
 0,03 ; 0,07 ;;;;;;;;;;;;;
 0,01 ; 0,02 ;;;;;;;;;;;;;
 0,01 ; 0,01 ;;;;;;;;;;;;;
 0,01 ; 0,03 ;;;;;;;;;;;;;
 0,03 ; 0,04 ;;;;;;;;;;;;;
 0,04 ; 0,05 ;;;;;;;;;;;;;
 0,02 ; 0,04 ;;;;;;;;;;;;;
 0,01 ; 0,02 ;;;;;;;;;;;;;
 0,03 ; 0,07 ;;;;;;;;;;;;;
 0,03 ; 0,07 ;;;;;;;;;;;;;
 0,03 ; 0,04 ;;;;;;;;;;;;;
 0,03 ; 0,08 ;;;;;;;;;;;;;
 0,02 ; 0,05 ;;;;;;;;;;;;;
 0,03 ; 0,04 ;;;;;;;;;;;;;
 0,03 ; 0,07 ;;;;;;;;;;;;;
 0,03 ; 0,08 ;;;;;;;;;;;;;
 0,03 ; 0,04 ;;;;;;;;;;;;;
 0,02 ; 0,04 ;;;;;;;;;;;;;
 0,03 ; 0,04 ;;;;;;;;;;;;;
 0,03 ; 0,04 ;;;;;;;;;;;;;
 0,02 ; 0,06 ;;;;;;;;;;;;;
 0,04 ; 0,05 ;;;;;;;;;;;;;
 0,01 ; 0,02 ;;;;;;;;;;;;;
 0,01 ; 0,02 ;;;;;;;;;;;;;
 0,03 ; 0,04 ;;;;;;;;;;;;;
 0,02 ; 0,02 ;;;;;;;;;;;;;
 0,01 ; 0,02 ;;;;;;;;;;;;;
 0,01 ; 0,02 ;;;;;;;;;;;;;
 0,03 ; 0,07 ;;;;;;;;;;;;;
 0,05 ; 0,07 ;;;;;;;;;;;;;
 0,02 ; 0,03 ;;;;;;;;;;;;;
 0,01 ; 0,07 ;;;;;;;;;;;;;
 0,06 ; 0,08 ;;;;;;;;;;;;;
 0,04 ; 0,06 ;;;;;;;;;;;;;
 0,05 ; 0,07 ;;;;;;;;;;;;;
 0,04 ; 0,06 ;;;;;;;;;;;;;
 0,04 ; 0,09 ;;;;;;;;;;;;;
 0,07 ; 0,08 ;;;;;;;;;;;;;
 0,02 ; 0,03 ;;;;;;;;;;;;;
 0,03 ; 0,07 ;;;;;;;;;;;;;
 0,07 ; 0,09 ;;;;;;;;;;;;;
 0,04 ; 0,09 ;;;;;;;;;;;;;
 0,07 ; 0,08 ;;;;;;;;;;;;;
 0,03 ; 0,04 ;;;;;;;;;;;;;
 0,02 ; 0,02 ;;;;;;;;;;;;;
 0,03 ; 0,09 ;;;;;;;;;;;;;
 0,01 ; 0,03 ;;;;;;;;;;;;;
 0,14 ; 0,23 ;;;;;;;;;;;;;
 0,02 ; 0,02 ;;;;;;;;;;;;;
 0,13 ; 0,21 ;;;;;;;;;;;;;
 0,03 ; 0,15 ;;;;;;;;;;;;;
 0,02 ; 0,05 ;;;;;;;;;;;;;
 0,02 ; 0,02 ;;;;;;;;;;;;;
 0,29 ; 0,45 ;;;;;;;;;;;;;
 0,03 ; 0,14 ;;;;;;;;;;;;;
 0,05 ; 0,07 ;;;;;;;;;;;;;
 0,03 ; 0,06 ;;;;;;;;;;;;;
 0,08 ; 0,10 ;;;;;;;;;;;;;
 0,02 ; 0,07 ;;;;;;;;;;;;;
 0,02 ; 0,06 ;;;;;;;;;;;;;
 0,03 ; 0,34 ;;;;;;;;;;;;;
 0,20 ; 0,32 ;;;;;;;;;;;;;
 0,01 ; 0,02 ;;;;;;;;;;;;;
 0,03 ; 0,06 ;;;;;;;;;;;;;
 0,05 ; 0,06 ;;;;;;;;;;;;;
 0,02 ; 0,03 ;;;;;;;;;;;;;
 0,06 ; 0,09 ;;;;;;;;;;;;;
 0,01 ; 0,04 ;;;;;;;;;;;;;
 0,01 ; 0,02 ;;;;;;;;;;;;;
 0,09 ; 0,10 ;;;;;;;;;;;;;
 0,03 ; 0,04 ;;;;;;;;;;;;;
 0,01 ; 0,03 ;;;;;;;;;;;;;
 0,20 ; 0,31 ;;;;;;;;;;;;;
 0,10 ; 0,16 ;;;;;;;;;;;;;
 0,04 ; 0,10 ;;;;;;;;;;;;;
 0,21 ; 0,32 ;;;;;;;;;;;;;
 0,02 ; 0,04 ;;;;;;;;;;;;;
 0,02 ; 0,04 ;;;;;;;;;;;;;
 0,04 ; 0,10 ;;;;;;;;;;;;;
 0,03 ; 0,10 ;;;;;;;;;;;;;
 0,26 ; 0,48 ;;;;;;;;;;;;;
 0,40 ; 0,45 ;;;;;;;;;;;;;
 0,06 ; 0,08 ;;;;;;;;;;;;;
 0,06 ; 0,31 ;;;;;;;;;;;;;
 0,05 ; 0,07 ;;;;;;;;;;;;;
 0,05 ; 0,07 ;;;;;;;;;;;;;
 0,08 ; 0,28 ;;;;;;;;;;;;;
 0,54 ; 0,59 ;;;;;;;;;;;;;
 0,15 ; 0,18 ;;;;;;;;;;;;;
 0,61 ; 0,71 ;;;;;;;;;;;;;
 0,44 ; 0,44 ;;;;;;;;;;;;;
 0,06 ; 0,11 ;;;;;;;;;;;;;
 0,21 ; 0,27 ;;;;;;;;;;;;;
 0,10 ; 0,40 ;;;;;;;;;;;;;
 0,05 ; 0,06 ;;;;;;;;;;;;;
 0,03 ; 0,08 ;;;;;;;;;;;;;
 0,13 ; 0,22 ;;;;;;;;;;;;;
 0,08 ; 0,24 ;;;;;;;;;;;;;
 0,13 ; 0,19 ;;;;;;;;;;;;;
 0,03 ; 0,04 ;;;;;;;;;;;;;
 0,04 ; 0,05 ;;;;;;;;;;;;;
 0,08 ; 0,13 ;;;;;;;;;;;;;
 0,08 ; 0,17 ;;;;;;;;;;;;;
 0,03 ; 0,03 ;;;;;;;;;;;;;
 0,01 ; 0,01 ;;;;;;;;;;;;;
 0,05 ; 0,06 ;;;;;;;;;;;;;
 0,09 ; 0,14 ;;;;;;;;;;;;;
 0,06 ; 0,07 ;;;;;;;;;;;;;
 0,67 ; 0,67 ;;;;;;;;;;;;;
 0,40 ; 0,61 ;;;;;;;;;;;;;
 0,35 ; 0,54 ;;;;;;;;;;;;;
 0,34 ; 0,38 ;;;;;;;;;;;;;
 0,20 ; 0,23 ;;;;;;;;;;;;;
 0,37 ; 0,37 ;;;;;;;;;;;;;
 0,18 ; 0,52 ;;;;;;;;;;;;;
 0,12 ; 0,43 ;;;;;;;;;;;;;
 0,11 ; 0,21 ;;;;;;;;;;;;;
 0,02 ; 0,06 ;;;;;;;;;;;;;
 0,01 ; 0,04 ;;;;;;;;;;;;;
 0,02 ; 0,02 ;;;;;;;;;;;;;
 0,03 ; 0,04 ;;;;;;;;;;;;;
 0,14 ; 0,16 ;;;;;;;;;;;;;
 0,16 ; 0,26 ;;;;;;;;;;;;;
 0,24 ; 0,30 ;;;;;;;;;;;;;
 0,11 ; 0,14 ;;;;;;;;;;;;;
 0,14 ; 0,15 ;;;;;;;;;;;;;
 0,02 ; 0,05 ;;;;;;;;;;;;;
 0,11 ; 0,11 ;;;;;;;;;;;;;
 0,05 ; 0,23 ;;;;;;;;;;;;;
 0,06 ; 0,09 ;;;;;;;;;;;;;
 0,15 ; 0,17 ;;;;;;;;;;;;;
 0,01 ; 0,02 ;;;;;;;;;;;;;
 0,26 ; 0,33 ;;;;;;;;;;;;;
 0,08 ; 0,15 ;;;;;;;;;;;;;
 0,06 ; 0,07 ;;;;;;;;;;;;;
 0,09 ; 0,19 ;;;;;;;;;;;;;
 0,05 ; 0,45 ;;;;;;;;;;;;;
 0,02 ; 0,03 ;;;;;;;;;;;;;
 0,38 ; 0,64 ;;;;;;;;;;;;;
 0,08 ; 0,17 ;;;;;;;;;;;;;
 0,04 ; 0,05 ;;;;;;;;;;;;;
 0,08 ; 0,13 ;;;;;;;;;;;;;
 0,04 ; 0,12 ;;;;;;;;;;;;;
 0,16 ; 0,23 ;;;;;;;;;;;;;
 0,58 ; 0,58 ;;;;;;;;;;;;;
 0,02 ; 0,04 ;;;;;;;;;;;;;
 0,03 ; 0,06 ;;;;;;;;;;;;;
 0,47 ; 0,47 ;;;;;;;;;;;;;
 0,40 ; 0,75 ;;;;;;;;;;;;;
 0,10 ; 0,18 ;;;;;;;;;;;;;
 0,10 ; 0,13 ;;;;;;;;;;;;;
 0,23 ; 0,29 ;;;;;;;;;;;;;
 0,07 ; 0,11 ;;;;;;;;;;;;;
 0,15 ; 0,15 ;;;;;;;;;;;;;
 0,02 ; 0,02 ;;;;;;;;;;;;;
 0,21 ; 0,21 ;;;;;;;;;;;;;
 0,10 ; 0,20 ;;;;;;;;;;;;;
 0,05 ; 0,07 ;;;;;;;;;;;;;
 0,09 ; 0,10 ;;;;;;;;;;;;;
 0,01 ; 0,01 ;;;;;;;;;;;;;
 0,02 ; 0,02 ;;;;;;;;;;;;;
 0,04 ; 0,06 ;;;;;;;;;;;;;
 0,18 ; 0,23 ;;;;;;;;;;;;;
 0,35 ; 0,35 ;;;;;;;;;;;;;
 0,14 ; 0,15 ;;;;;;;;;;;;;
 0,05 ; 0,06 ;;;;;;;;;;;;;
 0,07 ; 0,08 ;;;;;;;;;;;;;
 0,11 ; 0,11 ;;;;;;;;;;;;;
 0,03 ; 0,04 ;;;;;;;;;;;;;
 0,03 ; 0,03 ;;;;;;;;;;;;;
 0,02 ; 0,15 ;;;;;;;;;;;;;
 0,03 ; 0,07 ;;;;;;;;;;;;;
 0,08 ; 0,10 ;;;;;;;;;;;;;
 0,21 ; 0,32 ;;;;;;;;;;;;;
 0,44 ; 0,45 ;;;;;;;;;;;;;
 0,24 ; 0,45 ;;;;;;;;;;;;;
 0,02 ; 0,05 ;;;;;;;;;;;;;
 0,02 ; 0,02 ;;;;;;;;;;;;;
 0,06 ; 0,18 ;;;;;;;;;;;;;
 0,02 ; 0,03 ;;;;;;;;;;;;;
 0,10 ; 0,14 ;;;;;;;;;;;;;
 0,10 ; 0,19 ;;;;;;;;;;;;;
 0,09 ; 0,18 ;;;;;;;;;;;;;
 0,13 ; 0,19 ;;;;;;;;;;;;;
 0,02 ; 0,03 ;;;;;;;;;;;;;
 0,06 ; 0,30 ;;;;;;;;;;;;;
 0,03 ; 0,03 ;;;;;;;;;;;;;
 0,02 ; 0,02 ;;;;;;;;;;;;;
 0,02 ; 0,07 ;;;;;;;;;;;;;
 0,02 ; 0,04 ;;;;;;;;;;;;;
 0,03 ; 0,04 ;;;;;;;;;;;;;
 0,08 ; 0,13 ;;;;;;;;;;;;;
 0,05 ; 0,06 ;;;;;;;;;;;;;
 0,01 ; 0,01 ;;;;;;;;;;;;;
 0,02 ; 0,02 ;;;;;;;;;;;;;
 0,05 ; 0,06 ;;;;;;;;;;;;;
 0,02 ; 0,02 ;;;;;;;;;;;;;
 0,04 ; 0,10 ;;;;;;;;;;;;;
 0,22 ; 0,53 ;;;;;;;;;;;;;
 0,18 ; 0,27 ;;;;;;;;;;;;;
 0,03 ; 0,15 ;;;;;;;;;;;;;
 0,01 ; 0,01 ;;;;;;;;;;;;;
 0,08 ; 0,25 ;;;;;;;;;;;;;
 0,13 ; 0,30 ;;;;;;;;;;;;;
 0,23 ; 0,25 ;;;;;;;;;;;;;
 0,19 ; 0,32 ;;;;;;;;;;;;;
 0,11 ; 0,13 ;;;;;;;;;;;;;
 0,13 ; 0,14 ;;;;;;;;;;;;;
 0,07 ; 0,12 ;;;;;;;;;;;;;
 0,45 ; 0,45 ;;;;;;;;;;;;;
 0,08 ; 0,11 ;;;;;;;;;;;;;
 0,02 ; 0,02 ;;;;;;;;;;;;;
 0,09 ; 0,57 ;;;;;;;;;;;;;
 0,02 ; 0,06 ;;;;;;;;;;;;;
 0,08 ; 0,18 ;;;;;;;;;;;;;
 0,04 ; 0,05 ;;;;;;;;;;;;;
 0,07 ; 0,12 ;;;;;;;;;;;;;
 0,04 ; 0,12 ;;;;;;;;;;;;;
 0,29 ; 0,44 ;;;;;;;;;;;;;
 0,05 ; 0,07 ;;;;;;;;;;;;;
 0,02 ; 0,02 ;;;;;;;;;;;;;
 0,02 ; 0,07 ;;;;;;;;;;;;;
 0,02 ; 0,07 ;;;;;;;;;;;;;
 0,11 ; 0,14 ;;;;;;;;;;;;;
 0,02 ; 0,02 ;;;;;;;;;;;;;
 0,14 ; 0,15 ;;;;;;;;;;;;;
 0,07 ; 0,08 ;;;;;;;;;;;;;
 0,03 ; 0,09 ;;;;;;;;;;;;;
 0,11 ; 0,11 ;;;;;;;;;;;;;
 0,02 ; 0,05 ;;;;;;;;;;;;;
 0,02 ; 0,03 ;;;;;;;;;;;;;
 0,02 ; 0,03 ;;;;;;;;;;;;;
 0,11 ; 0,14 ;;;;;;;;;;;;;
 0,03 ; 0,10 ;;;;;;;;;;;;;
 0,02 ; 0,09 ;;;;;;;;;;;;;
 0,13 ; 0,22 ;;;;;;;;;;;;;
 0,05 ; 0,06 ;;;;;;;;;;;;;
 0,05 ; 0,06 ;;;;;;;;;;;;;
 0,20 ; 0,53 ;;;;;;;;;;;;;
 0,17 ; 0,31 ;;;;;;;;;;;;;
 0,08 ; 0,13 ;;;;;;;;;;;;;
 0,06 ; 0,14 ;;;;;;;;;;;;;
 0,23 ; 0,29 ;;;;;;;;;;;;;
 0,07 ; 0,16 ;;;;;;;;;;;;;
 0,05 ; 0,43 ;;;;;;;;;;;;;
 0,07 ; 0,10 ;;;;;;;;;;;;;
 0,02 ; 0,08 ;;;;;;;;;;;;;
 0,07 ; 0,20 ;;;;;;;;;;;;;
 0,22 ; 0,38 ;;;;;;;;;;;;;
 0,19 ; 0,56 ;;;;;;;;;;;;;
 0,24 ; 0,35 ;;;;;;;;;;;;;
 0,26 ; 0,82 ;;;;;;;;;;;;;
 0,26 ; 0,69 ;;;;;;;;;;;;;
 0,22 ; 0,33 ;;;;;;;;;;;;;
 0,20 ; 0,63 ;;;;;;;;;;;;;
 0,18 ; 0,27 ;;;;;;;;;;;;;
 0,17 ; 0,26 ;;;;;;;;;;;;;
 0,21 ; 0,31 ;;;;;;;;;;;;;
 0,19 ; 0,54 ;;;;;;;;;;;;;
 0,12 ; 0,18 ;;;;;;;;;;;;;
 0,10 ; 0,32 ;;;;;;;;;;;;;
 0,18 ; 0,27 ;;;;;;;;;;;;;
 0,10 ; 0,30 ;;;;;;;;;;;;;
 0,15 ; 0,43 ;;;;;;;;;;;;;
 0,12 ; 0,18 ;;;;;;;;;;;;;
 0,08 ; 0,28 ;;;;;;;;;;;;;
 0,21 ; 0,32 ;;;;;;;;;;;;;
 0,14 ; 0,40 ;;;;;;;;;;;;;
 0,17 ; 0,26 ;;;;;;;;;;;;;
 0,19 ; 0,54 ;;;;;;;;;;;;;
 0,12 ; 0,34 ;;;;;;;;;;;;;
 0,18 ; 0,53 ;;;;;;;;;;;;;
 0,15 ; 0,47 ;;;;;;;;;;;;;
 0,15 ; 0,47 ;;;;;;;;;;;;;
 0,28 ; 0,86 ;;;;;;;;;;;;;
 0,27 ; 0,86 ;;;;;;;;;;;;;
 0,15 ; 0,42 ;;;;;;;;;;;;;
 0,10 ; 0,27 ;;;;;;;;;;;;;
 0,12 ; 0,34 ;;;;;;;;;;;;;
 0,13 ; 0,16 ;;;;;;;;;;;;;
 0,17 ; 0,26 ;;;;;;;;;;;;;
 0,23 ; 0,35 ;;;;;;;;;;;;;
 0,14 ; 0,17 ;;;;;;;;;;;;;
 0,13 ; 0,37 ;;;;;;;;;;;;;
 0,23 ; 0,38 ;;;;;;;;;;;;;
 0,19 ; 0,28 ;;;;;;;;;;;;;
 0,25 ; 0,80 ;;;;;;;;;;;;;
 0,19 ; 0,56 ;;;;;;;;;;;;;
 0,22 ; 0,71 ;;;;;;;;;;;;;
 0,25 ; 0,80 ;;;;;;;;;;;;;
 0,25 ; 0,80 ;;;;;;;;;;;;;
 0,25 ; 0,80 ;;;;;;;;;;;;;
 0,19 ; 0,28 ;;;;;;;;;;;;;
 0,11 ; 0,31 ;;;;;;;;;;;;;
 0,10 ; 0,16 ;;;;;;;;;;;;;
 0,24 ; 0,78 ;;;;;;;;;;;;;
 0,24 ; 0,76 ;;;;;;;;;;;;;
 0,19 ; 0,55 ;;;;;;;;;;;;;
 0,22 ; 0,71 ;;;;;;;;;;;;;
 0,26 ; 0,82 ;;;;;;;;;;;;;
 0,27 ; 0,86 ;;;;;;;;;;;;;
 0,23 ; 0,34 ;;;;;;;;;;;;;
 0,23 ; 0,73 ;;;;;;;;;;;;;
 0,25 ; 0,80 ;;;;;;;;;;;;;
 0,24 ; 0,78 ;;;;;;;;;;;;;
 0,27 ; 0,86 ;;;;;;;;;;;;;
 0,28 ; 0,86 ;;;;;;;;;;;;;
 0,26 ; 0,82 ;;;;;;;;;;;;;
 0,27 ; 0,86 ;;;;;;;;;;;;;
 0,27 ; 0,86 ;;;;;;;;;;;;;
 0,23 ; 0,74 ;;;;;;;;;;;;;
 0,28 ; 0,86 ;;;;;;;;;;;;;
 0,25 ; 0,80 ;;;;;;;;;;;;;
 0,26 ; 0,84 ;;;;;;;;;;;;;
 0,27 ; 0,86 ;;;;;;;;;;;;;
 0,25 ; 0,80 ;;;;;;;;;;;;;
 0,19 ; 0,55 ;;;;;;;;;;;;;
 0,27 ; 0,86 ;;;;;;;;;;;;;
 0,22 ; 0,71 ;;;;;;;;;;;;;
 0,22 ; 0,33 ;;;;;;;;;;;;;
 0,19 ; 0,28 ;;;;;;;;;;;;;
 0,25 ; 0,80 ;;;;;;;;;;;;;
 0,13 ; 0,36 ;;;;;;;;;;;;;
 0,16 ; 0,24 ;;;;;;;;;;;;;
 0,17 ; 0,48 ;;;;;;;;;;;;;
 0,14 ; 0,41 ;;;;;;;;;;;;;
 0,21 ; 0,31 ;;;;;;;;;;;;;
 0,14 ; 0,23 ;;;;;;;;;;;;;
 0,21 ; 0,32 ;;;;;;;;;;;;;
 0,22 ; 0,33 ;;;;;;;;;;;;;
 0,16 ; 0,28 ;;;;;;;;;;;;;
 0,26 ; 0,66 ;;;;;;;;;;;;;
 0,20 ; 0,30 ;;;;;;;;;;;;;
 0,17 ; 0,28 ;;;;;;;;;;;;;
 0,22 ; 0,33 ;;;;;;;;;;;;;
 0,23 ; 0,34 ;;;;;;;;;;;;;
 0,17 ; 0,30 ;;;;;;;;;;;;;
 0,21 ; 0,34 ;;;;;;;;;;;;;
 0,22 ; 0,36 ;;;;;;;;;;;;;
 0,24 ; 0,76 ;;;;;;;;;;;;;
 0,23 ; 0,71 ;;;;;;;;;;;;;
 0,15 ; 0,46 ;;;;;;;;;;;;;
 0,18 ; 0,28 ;;;;;;;;;;;;;
 0,27 ; 0,72 ;;;;;;;;;;;;;
 0,22 ; 0,33 ;;;;;;;;;;;;;
 0,22 ; 0,33 ;;;;;;;;;;;;;
 0,13 ; 0,19 ;;;;;;;;;;;;;
 0,16 ; 0,45 ;;;;;;;;;;;;;
 0,18 ; 0,52 ;;;;;;;;;;;;;
 0,27 ; 0,71 ;;;;;;;;;;;;;
 0,19 ; 0,29 ;;;;;;;;;;;;;
 0,19 ; 0,55 ;;;;;;;;;;;;;
 0,19 ; 0,54 ;;;;;;;;;;;;;
 0,19 ; 0,54 ;;;;;;;;;;;;;
 0,27 ; 0,72 ;;;;;;;;;;;;;
 0,26 ; 0,69 ;;;;;;;;;;;;;
 0,26 ; 0,82 ;;;;;;;;;;;;;
 0,28 ; 0,86 ;;;;;;;;;;;;;
 0,24 ; 0,76 ;;;;;;;;;;;;;
 0,09 ; 0,26 ;;;;;;;;;;;;;
 0,24 ; 0,78 ;;;;;;;;;;;;;
 0,25 ; 0,80 ;;;;;;;;;;;;;
 0,10 ; 0,29 ;;;;;;;;;;;;;
 0,15 ; 0,24 ;;;;;;;;;;;;;
 0,17 ; 0,52 ;;;;;;;;;;;;;
 0,24 ; 0,37 ;;;;;;;;;;;;;
 0,24 ; 0,37 ;;;;;;;;;;;;;
 0,22 ; 0,36 ;;;;;;;;;;;;;
 0,09 ; 0,25 ;;;;;;;;;;;;;
 0,26 ; 0,84 ;;;;;;;;;;;;;
 0,24 ; 0,39 ;;;;;;;;;;;;;
 0,20 ; 0,23 ;;;;;;;;;;;;;
 0,36 ; 0,40 ;;;;;;;;;;;;;
 0,36 ; 0,39 ;;;;;;;;;;;;;
 0,23 ; 0,24 ;;;;;;;;;;;;;
 0,30 ; 0,35 ;;;;;;;;;;;;;
 0,38 ; 0,38 ;;;;;;;;;;;;;
 0,42 ; 0,47 ;;;;;;;;;;;;;
 0,13 ; 0,22 ;;;;;;;;;;;;;
 0,22 ; 0,27 ;;;;;;;;;;;;;
 0,15 ; 0,42 ;;;;;;;;;;;;;
 0,24 ; 0,31 ;;;;;;;;;;;;;
 0,13 ; 0,14 ;;;;;;;;;;;;;
 0,12 ; 0,14 ;;;;;;;;;;;;;
 0,26 ; 0,30 ;;;;;;;;;;;;;
 0,30 ; 0,35 ;;;;;;;;;;;;;
 0,32 ; 0,36 ;;;;;;;;;;;;;
 0,09 ; 0,11 ;;;;;;;;;;;;;
 0,23 ; 0,26 ;;;;;;;;;;;;;
 0,29 ; 0,35 ;;;;;;;;;;;;;
 0,26 ; 0,29 ;;;;;;;;;;;;;
 0,16 ; 0,20 ;;;;;;;;;;;;;
 0,16 ; 0,26 ;;;;;;;;;;;;;
 0,23 ; 0,26 ;;;;;;;;;;;;;
 0,11 ; 0,12 ;;;;;;;;;;;;;
 0,12 ; 0,13 ;;;;;;;;;;;;;
 0,07 ; 0,08 ;;;;;;;;;;;;;
 0,14 ; 0,38 ;;;;;;;;;;;;;
 0,28 ; 0,32 ;;;;;;;;;;;;;
 0,05 ; 0,07 ;;;;;;;;;;;;;
 0,22 ; 0,34 ;;;;;;;;;;;;;
 0,19 ; 0,39 ;;;;;;;;;;;;;
 0,25 ; 0,29 ;;;;;;;;;;;;;
 0,19 ; 0,25 ;;;;;;;;;;;;;
 0,07 ; 0,08 ;;;;;;;;;;;;;
 0,14 ; 0,21 ;;;;;;;;;;;;;
 0,32 ; 0,37 ;;;;;;;;;;;;;
 0,38 ; 0,45 ;;;;;;;;;;;;;
 0,05 ; 0,05 ;;;;;;;;;;;;;
 0,04 ; 0,04 ;;;;;;;;;;;;;
 0,08 ; 0,09 ;;;;;;;;;;;;;
 0,22 ; 0,33 ;;;;;;;;;;;;;
 0,21 ; 0,25 ;;;;;;;;;;;;;
 0,03 ; 0,03 ;;;;;;;;;;;;;
 0,01 ; 0,02 ;;;;;;;;;;;;;
 0,05 ; 0,12 ;;;;;;;;;;;;;
 0,02 ; 0,02 ;;;;;;;;;;;;;
 0,03 ; 0,03 ;;;;;;;;;;;;;
 0,33 ; 0,38 ;;;;;;;;;;;;;
 0,33 ; 0,38 ;;;;;;;;;;;;;
 0,32 ; 0,37 ;;;;;;;;;;;;;
 0,32 ; 0,37 ;;;;;;;;;;;;;
 0,32 ; 0,37 ;;;;;;;;;;;;;
 0,15 ; 0,18 ;;;;;;;;;;;;;
 0,32 ; 0,37 ;;;;;;;;;;;;;
 0,09 ; 0,12 ;;;;;;;;;;;;;
 0,07 ; 0,10 ;;;;;;;;;;;;;
 0,13 ; 0,16 ;;;;;;;;;;;;;
 0,09 ; 0,14 ;;;;;;;;;;;;;
 0,05 ; 0,11 ;;;;;;;;;;;;;
 0,15 ; 0,18 ;;;;;;;;;;;;;
 0,04 ; 0,04 ;;;;;;;;;;;;;
 0,22 ; 0,25 ;;;;;;;;;;;;;
 0,06 ; 0,06 ;;;;;;;;;;;;;
 0,42 ; 0,42 ;;;;;;;;;;;;;
 0,14 ; 0,15 ;;;;;;;;;;;;;
 0,42 ; 0,42 ;;;;;;;;;;;;;
 0,23 ; 0,27 ;;;;;;;;;;;;;
 0,29 ; 0,31 ;;;;;;;;;;;;;
 0,21 ; 0,65 ;;;;;;;;;;;;;
 0,16 ; 0,17 ;;;;;;;;;;;;;
 0,27 ; 0,29 ;;;;;;;;;;;;;
 0,24 ; 0,26 ;;;;;;;;;;;;;
 0,55 ; 0,57 ;;;;;;;;;;;;;
 0,54 ; 0,57 ;;;;;;;;;;;;;
 0,22 ; 0,31 ;;;;;;;;;;;;;
 0,56 ; 0,75 ;;;;;;;;;;;;;
 0,31 ; 0,34 ;;;;;;;;;;;;;
 0,63 ; 0,68 ;;;;;;;;;;;;;
 0,34 ; 0,57 ;;;;;;;;;;;;;
 0,32 ; 0,55 ;;;;;;;;;;;;;
 0,05 ; 0,13 ;;;;;;;;;;;;;
 0,39 ; 0,67 ;;;;;;;;;;;;;
 0,25 ; 0,28 ;;;;;;;;;;;;;
 0,28 ; 0,31 ;;;;;;;;;;;;;
 0,01 ; 0,01 ;;;;;;;;;;;;;
 0,17 ; 0,20 ;;;;;;;;;;;;;
 0,41 ; 0,50 ;;;;;;;;;;;;;
 0,09 ; 0,10 ;;;;;;;;;;;;;
 0,14 ; 0,17 ;;;;;;;;;;;;;
 0,42 ; 0,58 ;;;;;;;;;;;;;
 0,22 ; 0,92 ;;;;;;;;;;;;;
 0,12 ; 0,37 ;;;;;;;;;;;;;
 0,55 ; 0,76 ;;;;;;;;;;;;;
 0,17 ; 0,80 ;;;;;;;;;;;;;
 0,17 ; 0,90 ;;;;;;;;;;;;;
 0,13 ; 0,67 ;;;;;;;;;;;;;
 0,38 ; 0,60 ;;;;;;;;;;;;;
 0,09 ; 0,36 ;;;;;;;;;;;;;
 0,88 ; 0,88 ;;;;;;;;;;;;;
 0,50 ; 0,81 ;;;;;;;;;;;;;
 0,83 ; 0,90 ;;;;;;;;;;;;;
 0,53 ; 0,78 ;;;;;;;;;;;;;
 0,16 ; 0,90 ;;;;;;;;;;;;;
 0,19 ; 0,30 ;;;;;;;;;;;;;
 0,10 ; 0,47 ;;;;;;;;;;;;;
 0,20 ; 0,82 ;;;;;;;;;;;;;
 0,11 ; 0,24 ;;;;;;;;;;;;;
 0,33 ; 0,43 ;;;;;;;;;;;;;
 0,12 ; 0,18 ;;;;;;;;;;;;;
 0,11 ; 0,14 ;;;;;;;;;;;;;
 0,08 ; 0,09 ;;;;;;;;;;;;;
 0,24 ; 0,54 ;;;;;;;;;;;;;
 0,24 ; 0,39 ;;;;;;;;;;;;;
 0,17 ; 0,94 ;;;;;;;;;;;;;
 0,59 ; 0,59 ;;;;;;;;;;;;;
 0,10 ; 0,39 ;;;;;;;;;;;;;
 0,14 ; 0,22 ;;;;;;;;;;;;;
 0,15 ; 0,59 ;;;;;;;;;;;;;
 0,15 ; 0,59 ;;;;;;;;;;;;;
 0,15 ; 0,59 ;;;;;;;;;;;;;
 0,15 ; 0,58 ;;;;;;;;;;;;;
 0,07 ; 0,13 ;;;;;;;;;;;;;
 0,92 ; 0,92 ;;;;;;;;;;;;;
 0,08 ; 0,34 ;;;;;;;;;;;;;
 0,13 ; 0,24 ;;;;;;;;;;;;;
 0,53 ; 0,53 ;;;;;;;;;;;;;
 0,08 ; 0,36 ;;;;;;;;;;;;;
 0,14 ; 0,59 ;;;;;;;;;;;;;
 0,13 ; 0,41 ;;;;;;;;;;;;;
 0,08 ; 0,10 ;;;;;;;;;;;;;
 0,13 ; 0,70 ;;;;;;;;;;;;;
 0,18 ; 0,68 ;;;;;;;;;;;;;
 0,15 ; 0,57 ;;;;;;;;;;;;;
 1,00 ; 1,00 ;;;;;;;;;;;;;
 0,17 ; 0,54 ;;;;;;;;;;;;;
 0,13 ; 0,40 ;;;;;;;;;;;;;
 0,13 ; 0,38 ;;;;;;;;;;;;;
 0,21 ; 0,27 ;;;;;;;;;;;;;
 0,09 ; 0,14 ;;;;;;;;;;;;;
 0,46 ; 0,77 ;;;;;;;;;;;;;
 0,19 ; 0,46 ;;;;;;;;;;;;;
 0,11 ; 0,38 ;;;;;;;;;;;;;
 0,09 ; 0,25 ;;;;;;;;;;;;;
 0,19 ; 0,21 ;;;;;;;;;;;;;
 0,12 ; 0,56 ;;;;;;;;;;;;;
 0,06 ; 0,06 ;;;;;;;;;;;;;
 0,04 ; 0,10 ;;;;;;;;;;;;;
 0,12 ; 0,40 ;;;;;;;;;;;;;
 0,06 ; 0,09 ;;;;;;;;;;;;;
 0,30 ; 0,38 ;;;;;;;;;;;;;
 0,05 ; 0,18 ;;;;;;;;;;;;;
 0,05 ; 0,07 ;;;;;;;;;;;;;
 0,25 ; 0,51 ;;;;;;;;;;;;;
 0,03 ; 0,04 ;;;;;;;;;;;;;
 0,09 ; 0,13 ;;;;;;;;;;;;;
 0,84 ; 0,84 ;;;;;;;;;;;;;
 0,63 ; 0,80 ;;;;;;;;;;;;;
 0,16 ; 0,80 ;;;;;;;;;;;;;
 0,26 ; 0,26 ;;;;;;;;;;;;;
 0,22 ; 0,82 ;;;;;;;;;;;;;
 0,22 ; 0,80 ;;;;;;;;;;;;;
 0,21 ; 0,81 ;;;;;;;;;;;;;
 0,08 ; 0,25 ;;;;;;;;;;;;;
 0,10 ; 0,55 ;;;;;;;;;;;;;
 0,02 ; 0,06 ;;;;;;;;;;;;;
 0,03 ; 0,08 ;;;;;;;;;;;;;
 0,04 ; 0,04 ;;;;;;;;;;;;;
 0,21 ; 0,25 ;;;;;;;;;;;;;
 0,07 ; 0,49 ;;;;;;;;;;;;;
 0,29 ; 0,42 ;;;;;;;;;;;;;
 0,36 ; 0,56 ;;;;;;;;;;;;;
 0,14 ; 0,71 ;;;;;;;;;;;;;
 0,18 ; 0,22 ;;;;;;;;;;;;;
 0,12 ; 0,40 ;;;;;;;;;;;;;
 0,22 ; 0,25 ;;;;;;;;;;;;;
 0,04 ; 0,21 ;;;;;;;;;;;;;
 0,18 ; 0,19 ;;;;;;;;;;;;;
 0,07 ; 0,10 ;;;;;;;;;;;;;
 0,18 ; 0,21 ;;;;;;;;;;;;;
 0,10 ; 0,10 ;;;;;;;;;;;;;
 0,10 ; 0,34 ;;;;;;;;;;;;;
 0,07 ; 0,29 ;;;;;;;;;;;;;
 0,08 ; 0,09 ;;;;;;;;;;;;;
 0,09 ; 0,12 ;;;;;;;;;;;;;
 0,04 ; 0,16 ;;;;;;;;;;;;;
 0,48 ; 0,66 ;;;;;;;;;;;;;
 0,19 ; 0,31 ;;;;;;;;;;;;;
 0,06 ; 0,08 ;;;;;;;;;;;;;
 0,11 ; 0,15 ;;;;;;;;;;;;;
 0,18 ; 0,31 ;;;;;;;;;;;;;
 0,30 ; 0,43 ;;;;;;;;;;;;;
 0,40 ; 0,61 ;;;;;;;;;;;;;
 0,08 ; 0,09 ;;;;;;;;;;;;;
 0,11 ; 0,53 ;;;;;;;;;;;;;
 0,04 ; 0,05 ;;;;;;;;;;;;;
 0,03 ; 0,04 ;;;;;;;;;;;;;
 0,38 ; 0,48 ;;;;;;;;;;;;;
 0,34 ; 0,59 ;;;;;;;;;;;;;
 0,05 ; 0,06 ;;;;;;;;;;;;;
 0,09 ; 0,23 ;;;;;;;;;;;;;
 0,19 ; 0,41 ;;;;;;;;;;;;;
 0,10 ; 0,12 ;;;;;;;;;;;;;
 0,60 ; 0,60 ;;;;;;;;;;;;;
 0,12 ; 0,48 ;;;;;;;;;;;;;
 0,06 ; 0,09 ;;;;;;;;;;;;;
 0,08 ; 0,11 ;;;;;;;;;;;;;
 0,16 ; 0,18 ;;;;;;;;;;;;;
 0,10 ; 0,41 ;;;;;;;;;;;;;
 0,09 ; 0,17 ;;;;;;;;;;;;;
 0,34 ; 0,55 ;;;;;;;;;;;;;
 0,15 ; 0,36 ;;;;;;;;;;;;;
 0,12 ; 0,67 ;;;;;;;;;;;;;
 0,10 ; 0,11 ;;;;;;;;;;;;;
 0,13 ; 0,14 ;;;;;;;;;;;;;
 0,26 ; 0,38 ;;;;;;;;;;;;;
 0,45 ; 0,45 ;;;;;;;;;;;;;
 0,51 ; 0,51 ;;;;;;;;;;;;;
 0,64 ; 0,64 ;;;;;;;;;;;;;
 0,73 ; 0,73 ;;;;;;;;;;;;;
 0,19 ; 0,34 ;;;;;;;;;;;;;
 0,20 ; 0,22 ;;;;;;;;;;;;;
 0,22 ; 0,24 ;;;;;;;;;;;;;
 0,15 ; 0,17 ;;;;;;;;;;;;;
 0,39 ; 0,61 ;;;;;;;;;;;;;
 0,42 ; 0,66 ;;;;;;;;;;;;;
 0,08 ; 0,09 ;;;;;;;;;;;;;
 0,19 ; 0,29 ;;;;;;;;;;;;;
 0,26 ; 0,32 ;;;;;;;;;;;;;
 0,40 ; 0,44 ;;;;;;;;;;;;;
 0,73 ; 0,73 ;;;;;;;;;;;;;
 0,60 ; 0,66 ;;;;;;;;;;;;;
 0,21 ; 0,53 ;;;;;;;;;;;;;
 0,58 ; 0,64 ;;;;;;;;;;;;;
 0,06 ; 0,12 ;;;;;;;;;;;;;
 0,06 ; 0,17 ;;;;;;;;;;;;;
 0,12 ; 0,17 ;;;;;;;;;;;;;
 0,51 ; 0,51 ;;;;;;;;;;;;;
 0,89 ; 0,89 ;;;;;;;;;;;;;
 0,10 ; 0,11 ;;;;;;;;;;;;;
 0,10 ; 0,52 ;;;;;;;;;;;;;
 0,31 ; 0,48 ;;;;;;;;;;;;;
 0,28 ; 0,39 ;;;;;;;;;;;;;
 0,51 ; 0,66 ;;;;;;;;;;;;;
 0,11 ; 0,38 ;;;;;;;;;;;;;
 0,09 ; 0,43 ;;;;;;;;;;;;;
 1,00 ; 1,00 ;;;;;;;;;;;;;
 0,87 ; 0,88 ;;;;;;;;;;;;;
 0,58 ; 0,98 ;;;;;;;;;;;;;
 1,00 ; 1,00 ;;;;;;;;;;;;;
 0,47 ; 0,56 ;;;;;;;;;;;;;
 0,09 ; 0,10 ;;;;;;;;;;;;;
 0,09 ; 0,49 ;;;;;;;;;;;;;
 0,26 ; 0,26 ;;;;;;;;;;;;;
 0,94 ; 1,00 ;;;;;;;;;;;;;
 0,45 ; 0,95 ;;;;;;;;;;;;;
 0,79 ; 0,79 ;;;;;;;;;;;;;
 0,47 ; 0,47 ;;;;;;;;;;;;;
 0,25 ; 0,56 ;;;;;;;;;;;;;
 0,10 ; 0,38 ;;;;;;;;;;;;;
 0,08 ; 0,15 ;;;;;;;;;;;;;
 0,10 ; 0,20 ;;;;;;;;;;;;;
 0,15 ; 0,62 ;;;;;;;;;;;;;
 0,10 ; 0,51 ;;;;;;;;;;;;;
 0,36 ; 0,36 ;;;;;;;;;;;;;
 0,07 ; 0,45 ;;;;;;;;;;;;;
 0,70 ; 0,70 ;;;;;;;;;;;;;
 0,35 ; 0,39 ;;;;;;;;;;;;;
 0,04 ; 0,10 ;;;;;;;;;;;;;
 0,17 ; 0,51 ;;;;;;;;;;;;;
 0,21 ; 0,23 ;;;;;;;;;;;;;
 0,20 ; 0,55 ;;;;;;;;;;;;;
 0,14 ; 0,72 ;;;;;;;;;;;;;
 0,13 ; 0,56 ;;;;;;;;;;;;;
 0,08 ; 0,17 ;;;;;;;;;;;;;
 0,13 ; 0,14 ;;;;;;;;;;;;;
 0,10 ; 0,51 ;;;;;;;;;;;;;
 0,10 ; 0,84 ;;;;;;;;;;;;;
 0,18 ; 0,34 ;;;;;;;;;;;;;
 0,08 ; 0,16 ;;;;;;;;;;;;;
 0,09 ; 0,21 ;;;;;;;;;;;;;
 0,18 ; 0,61 ;;;;;;;;;;;;;
 0,11 ; 0,23 ;;;;;;;;;;;;;
 0,15 ; 0,53 ;;;;;;;;;;;;;
 0,18 ; 0,53 ;;;;;;;;;;;;;
 0,12 ; 0,13 ;;;;;;;;;;;;;
 0,23 ; 0,37 ;;;;;;;;;;;;;
 0,10 ; 0,46 ;;;;;;;;;;;;;
 0,17 ; 0,75 ;;;;;;;;;;;;;
 0,09 ; 0,18 ;;;;;;;;;;;;;
 0,19 ; 0,28 ;;;;;;;;;;;;;
 0,11 ; 0,37 ;;;;;;;;;;;;;
 0,15 ; 0,38 ;;;;;;;;;;;;;
 0,25 ; 0,40 ;;;;;;;;;;;;;
 0,02 ; 0,02 ;;;;;;;;;;;;;
 0,02 ; 0,02 ;;;;;;;;;;;;;
 0,03 ; 0,03 ;;;;;;;;;;;;;
 0,01 ; 0,01 ;;;;;;;;;;;;;
 0,05 ; 0,06 ;;;;;;;;;;;;;
 0,03 ; 0,09 ;;;;;;;;;;;;;
 0,03 ; 0,04 ;;;;;;;;;;;;;
 0,04 ; 0,11 ;;;;;;;;;;;;;
 0,02 ; 0,03 ;;;;;;;;;;;;;
 0,04 ; 0,05 ;;;;;;;;;;;;;
 0,06 ; 0,08 ;;;;;;;;;;;;;
 0,03 ; 0,04 ;;;;;;;;;;;;;
 0,03 ; 0,04 ;;;;;;;;;;;;;
 0,02 ; 0,02 ;;;;;;;;;;;;;
 0,04 ; 0,05 ;;;;;;;;;;;;;
 0,02 ; 0,03 ;;;;;;;;;;;;;
 0,03 ; 0,04 ;;;;;;;;;;;;;
 0,02 ; 0,03 ;;;;;;;;;;;;;
 0,05 ; 0,06 ;;;;;;;;;;;;;
 0,02 ; 0,02 ;;;;;;;;;;;;;
 0,02 ; 0,02 ;;;;;;;;;;;;;
 0,02 ; 0,02 ;;;;;;;;;;;;;
 0,02 ; 0,03 ;;;;;;;;;;;;;
 0,03 ; 0,04 ;;;;;;;;;;;;;
 0,03 ; 0,03 ;;;;;;;;;;;;;
 0,01 ; 0,01 ;;;;;;;;;;;;;
 0,01 ; 0,02 ;;;;;;;;;;;;;
 0,01 ; 0,01 ;;;;;;;;;;;;;
 0,06 ; 0,07 ;;;;;;;;;;;;;
 0,06 ; 0,08 ;;;;;;;;;;;;;
 0,04 ; 0,06 ;;;;;;;;;;;;;
 0,01 ; 0,01 ;;;;;;;;;;;;;
 0,03 ; 0,04 ;;;;;;;;;;;;;
 0,03 ; 0,04 ;;;;;;;;;;;;;
 0,04 ; 0,05 ;;;;;;;;;;;;;
 0,04 ; 0,06 ;;;;;;;;;;;;;
 0,04 ; 0,05 ;;;;;;;;;;;;;
 0,02 ; 0,03 ;;;;;;;;;;;;;
 0,03 ; 0,04 ;;;;;;;;;;;;;
 0,04 ; 0,05 ;;;;;;;;;;;;;
 0,04 ; 0,10 ;;;;;;;;;;;;;
 0,05 ; 0,07 ;;;;;;;;;;;;;
 0,01 ; 0,02 ;;;;;;;;;;;;;
 0,01 ; 0,05 ;;;;;;;;;;;;;
 0,01 ; 0,02 ;;;;;;;;;;;;;
 0,03 ; 0,08 ;;;;;;;;;;;;;
 0,03 ; 0,07 ;;;;;;;;;;;;;
 0,01 ; 0,04 ;;;;;;;;;;;;;
 0,02 ; 0,02 ;;;;;;;;;;;;;
 0,02 ; 0,03 ;;;;;;;;;;;;;
 0,03 ; 0,04 ;;;;;;;;;;;;;
 0,02 ; 0,03 ;;;;;;;;;;;;;
 0,03 ; 0,04 ;;;;;;;;;;;;;
 0,05 ; 0,07 ;;;;;;;;;;;;;
 0,02 ; 0,02 ;;;;;;;;;;;;;
 0,03 ; 0,04 ;;;;;;;;;;;;;
 0,03 ; 0,04 ;;;;;;;;;;;;;
 0,07 ; 0,09 ;;;;;;;;;;;;;
 0,02 ; 0,02 ;;;;;;;;;;;;;
 0,02 ; 0,03 ;;;;;;;;;;;;;
 0,43 ; 0,57 ;;;;;;;;;;;;;
 0,49 ; 0,49 ;;;;;;;;;;;;;
 0,16 ; 0,31 ;;;;;;;;;;;;;
 0,53 ; 0,77 ;;;;;;;;;;;;;
 0,39 ; 0,99 ;;;;;;;;;;;;;
 0,29 ; 0,49 ;;;;;;;;;;;;;
 0,29 ; 0,49 ;;;;;;;;;;;;;
 0,27 ; 0,40 ;;;;;;;;;;;;;
 0,32 ; 0,32 ;;;;;;;;;;;;;
 0,25 ; 0,39 ;;;;;;;;;;;;;
 0,40 ; 0,73 ;;;;;;;;;;;;;
 0,04 ; 0,13 ;;;;;;;;;;;;;
 0,36 ; 0,38 ;;;;;;;;;;;;;
 0,22 ; 0,23 ;;;;;;;;;;;;;
 0,26 ; 0,32 ;;;;;;;;;;;;;
 0,65 ; 0,65 ;;;;;;;;;;;;;
 0,74 ; 0,74 ;;;;;;;;;;;;;
 0,71 ; 0,71 ;;;;;;;;;;;;;
 0,51 ; 0,52 ;;;;;;;;;;;;;
 0,75 ; 0,75 ;;;;;;;;;;;;;
 0,11 ; 0,52 ;;;;;;;;;;;;;
 0,48 ; 0,49 ;;;;;;;;;;;;;
 0,72 ; 0,72 ;;;;;;;;;;;;;
 0,23 ; 0,24 ;;;;;;;;;;;;;
 0,18 ; 0,30 ;;;;;;;;;;;;;
 0,11 ; 0,35 ;;;;;;;;;;;;;
 0,10 ; 0,41 ;;;;;;;;;;;;;
 0,26 ; 0,53 ;;;;;;;;;;;;;
 0,12 ; 0,20 ;;;;;;;;;;;;;
 0,78 ; 0,78 ;;;;;;;;;;;;;
 0,27 ; 0,44 ;;;;;;;;;;;;;
 0,22 ; 0,42 ;;;;;;;;;;;;;
 0,54 ; 0,63 ;;;;;;;;;;;;;
 0,74 ; 0,74 ;;;;;;;;;;;;;
 0,38 ; 0,45 ;;;;;;;;;;;;;
 0,67 ; 0,67 ;;;;;;;;;;;;;
 0,28 ; 0,48 ;;;;;;;;;;;;;
 0,74 ; 0,74 ;;;;;;;;;;;;;
 0,63 ; 0,63 ;;;;;;;;;;;;;
 0,74 ; 0,74 ;;;;;;;;;;;;;
 0,72 ; 0,72 ;;;;;;;;;;;;;
 0,14 ; 0,57 ;;;;;;;;;;;;;
 0,11 ; 0,14 ;;;;;;;;;;;;;
 0,13 ; 0,17 ;;;;;;;;;;;;;
 0,12 ; 0,17 ;;;;;;;;;;;;;
 0,07 ; 0,21 ;;;;;;;;;;;;;
 0,13 ; 0,20 ;;;;;;;;;;;;;
 0,16 ; 0,25 ;;;;;;;;;;;;;
 0,26 ; 0,82 ;;;;;;;;;;;;;
 0,11 ; 0,33 ;;;;;;;;;;;;;
 0,26 ; 0,82 ;;;;;;;;;;;;;
 0,08 ; 0,14 ;;;;;;;;;;;;;
 0,17 ; 0,25 ;;;;;;;;;;;;;
 0,26 ; 0,68 ;;;;;;;;;;;;;
 0,26 ; 0,69 ;;;;;;;;;;;;;
 0,18 ; 0,27 ;;;;;;;;;;;;;
 0,12 ; 0,38 ;;;;;;;;;;;;;
 0,23 ; 0,35 ;;;;;;;;;;;;;
 0,14 ; 0,21 ;;;;;;;;;;;;;
 0,20 ; 0,29 ;;;;;;;;;;;;;
 0,09 ; 0,30 ;;;;;;;;;;;;;
 0,26 ; 0,68 ;;;;;;;;;;;;;
 0,17 ; 0,25 ;;;;;;;;;;;;;
 0,15 ; 0,22 ;;;;;;;;;;;;;
 0,10 ; 0,28 ;;;;;;;;;;;;;
 0,12 ; 0,18 ;;;;;;;;;;;;;
 0,23 ; 0,34 ;;;;;;;;;;;;;
 0,19 ; 0,28 ;;;;;;;;;;;;;
 0,03 ; 0,06 ;;;;;;;;;;;;;
 0,13 ; 0,19 ;;;;;;;;;;;;;
 0,04 ; 0,08 ;;;;;;;;;;;;;
 0,27 ; 0,71 ;;;;;;;;;;;;;
 0,28 ; 0,74 ;;;;;;;;;;;;;
 0,26 ; 0,29 ;;;;;;;;;;;;;
 0,04 ; 0,04 ;;;;;;;;;;;;;
 0,23 ; 0,35 ;;;;;;;;;;;;;
 0,22 ; 0,33 ;;;;;;;;;;;;;
 0,16 ; 0,46 ;;;;;;;;;;;;;
 0,16 ; 0,24 ;;;;;;;;;;;;;
 0,17 ; 0,26 ;;;;;;;;;;;;;
 0,20 ; 0,30 ;;;;;;;;;;;;;
 0,23 ; 0,34 ;;;;;;;;;;;;;
 0,28 ; 0,73 ;;;;;;;;;;;;;
 0,22 ; 0,33 ;;;;;;;;;;;;;
 0,10 ; 0,30 ;;;;;;;;;;;;;
 0,22 ; 0,33 ;;;;;;;;;;;;;
 0,04 ; 0,12 ;;;;;;;;;;;;;
 0,21 ; 0,32 ;;;;;;;;;;;;;
 0,22 ; 0,33 ;;;;;;;;;;;;;
 0,18 ; 0,27 ;;;;;;;;;;;;;
 0,21 ; 0,31 ;;;;;;;;;;;;;
 0,19 ; 0,28 ;;;;;;;;;;;;;
 0,15 ; 0,22 ;;;;;;;;;;;;;
 0,20 ; 0,29 ;;;;;;;;;;;;;
 0,17 ; 0,26 ;;;;;;;;;;;;;
 0,15 ; 0,22 ;;;;;;;;;;;;;
 0,18 ; 0,27 ;;;;;;;;;;;;;
 0,17 ; 0,26 ;;;;;;;;;;;;;
 0,24 ; 0,78 ;;;;;;;;;;;;;
 0,23 ; 0,34 ;;;;;;;;;;;;;
 0,08 ; 0,57 ;;;;;;;;;;;;;
 0,19 ; 0,20 ;;;;;;;;;;;;;
 0,22 ; 0,26 ;;;;;;;;;;;;;
 0,15 ; 0,25 ;;;;;;;;;;;;;
 0,17 ; 0,18 ;;;;;;;;;;;;;
 0,14 ; 0,18 ;;;;;;;;;;;;;
 0,60 ; 0,65 ;;;;;;;;;;;;;
 0,23 ; 0,39 ;;;;;;;;;;;;;
 0,04 ; 0,38 ;;;;;;;;;;;;;
 0,43 ; 0,46 ;;;;;;;;;;;;;
 0,60 ; 0,62 ;;;;;;;;;;;;;
 0,05 ; 0,07 ;;;;;;;;;;;;;
 0,11 ; 0,16 ;;;;;;;;;;;;;
 0,11 ; 0,17 ;;;;;;;;;;;;;
 0,16 ; 0,23 ;;;;;;;;;;;;;
 0,23 ; 0,37 ;;;;;;;;;;;;;
 0,12 ; 0,32 ;;;;;;;;;;;;;
 0,29 ; 0,31 ;;;;;;;;;;;;;
 0,57 ; 0,61 ;;;;;;;;;;;;;
 0,17 ; 0,18 ;;;;;;;;;;;;;
 0,18 ; 0,20 ;;;;;;;;;;;;;
 0,40 ; 0,60 ;;;;;;;;;;;;;
 0,34 ; 0,38 ;;;;;;;;;;;;;
 0,04 ; 0,14 ;;;;;;;;;;;;;
 0,04 ; 0,17 ;;;;;;;;;;;;;
 0,04 ; 0,33 ;;;;;;;;;;;;;
 0,04 ; 0,33 ;;;;;;;;;;;;;
 0,20 ; 0,24 ;;;;;;;;;;;;;
 0,07 ; 0,38 ;;;;;;;;;;;;;
 0,65 ; 0,70 ;;;;;;;;;;;;;
 0,47 ; 0,50 ;;;;;;;;;;;;;
 0,31 ; 0,33 ;;;;;;;;;;;;;
 0,31 ; 0,33 ;;;;;;;;;;;;;
 0,56 ; 0,60 ;;;;;;;;;;;;;
 0,54 ; 0,58 ;;;;;;;;;;;;;
 0,16 ; 0,25 ;;;;;;;;;;;;;
 0,21 ; 0,25 ;;;;;;;;;;;;;
 0,20 ; 0,36 ;;;;;;;;;;;;;
 0,28 ; 0,35 ;;;;;;;;;;;;;
 0,26 ; 0,41 ;;;;;;;;;;;;;
 0,24 ; 0,37 ;;;;;;;;;;;;;
 0,32 ; 0,40 ;;;;;;;;;;;;;
 0,10 ; 0,26 ;;;;;;;;;;;;;
 0,49 ; 0,75 ;;;;;;;;;;;;;
 0,18 ; 0,48 ;;;;;;;;;;;;;8084770
 0,31 ; 0,35 ;;;;;;;;;;;;;
 0,36 ; 0,51 ;;;;;;;;;;;;;
 0,17 ; 0,18 ;;;;;;;;;;;;;
 0,14 ; 0,19 ;;;;;;;;;;;;;
 0,63 ; 0,66 ;;;;;;;;;;;;;
 0,53 ; 0,76 ;;;;;;;;;;;;;
 0,21 ; 0,25 ;;;;;;;;;;;;;
 0,10 ; 0,14 ;;;;;;;;;;;;;
 0,54 ; 0,58 ;;;;;;;;;;;;;
 0,31 ; 0,34 ;;;;;;;;;;;;;
 0,46 ; 0,49 ;;;;;;;;;;;;;
 0,27 ; 0,31 ;;;;;;;;;;;;;
 0,28 ; 0,29 ;;;;;;;;;;;;;
 0,16 ; 0,18 ;;;;;;;;;;;;;
 0,13 ; 0,15 ;;;;;;;;;;;;;
 0,33 ; 0,39 ;;;;;;;;;;;;;
 0,22 ; 0,28 ;;;;;;;;;;;;;
 0,21 ; 0,35 ;;;;;;;;;;;;;
 0,24 ; 0,28 ;;;;;;;;;;;;;
 0,39 ; 0,41 ;;;;;;;;;;;;;
 0,18 ; 0,23 ;;;;;;;;;;;;;
 0,35 ; 0,39 ;;;;;;;;;;;;;
 0,43 ; 0,46 ;;;;;;;;;;;;;
 0,09 ; 0,11 ;;;;;;;;;;;;;
 0,39 ; 0,60 ;;;;;;;;;;;;;
 0,11 ; 0,12 ;;;;;;;;;;;;;
 0,19 ; 0,20 ;;;;;;;;;;;;;
 0,18 ; 0,20 ;;;;;;;;;;;;;
 0,22 ; 0,28 ;;;;;;;;;;;;;
 0,22 ; 0,48 ;;;;;;;;;;;;;
 0,35 ; 0,40 ;;;;;;;;;;;;;
 0,20 ; 0,22 ;;;;;;;;;;;;;
 0,01 ; 0,01 ;;;;;;;;;;;;;
 0,39 ; 0,45 ;;;;;;;;;;;;;
 0,48 ; 0,79 ;;;;;;;;;;;;;
 0,19 ; 0,21 ;;;;;;;;;;;;;
 0,15 ; 0,16 ;;;;;;;;;;;;;
 0,06 ; 0,39 ;;;;;;;;;;;;;
 0,02 ; 0,14 ;;;;;;;;;;;;;
 0,02 ; 0,02 ;;;;;;;;;;;;;
 0,02 ; 0,03 ;;;;;;;;;;;;;
 0,02 ; 0,03 ;;;;;;;;;;;;;
 0,04 ; 0,06 ;;;;;;;;;;;;;
 0,05 ; 0,06 ;;;;;;;;;;;;;
 0,04 ; 0,05 ;;;;;;;;;;;;;
 0,02 ; 0,04 ;;;;;;;;;;;;;
 0,05 ; 0,06 ;;;;;;;;;;;;;
 0,01 ; 0,02 ;;;;;;;;;;;;;
 0,03 ; 0,04 ;;;;;;;;;;;;;
 0,04 ; 0,08 ;;;;;;;;;;;;;
 0,02 ; 0,03 ;;;;;;;;;;;;;
 0,03 ; 0,04 ;;;;;;;;;;;;;
 0,05 ; 0,06 ;;;;;;;;;;;;;
 0,06 ; 0,10 ;;;;;;;;;;;;;
 0,05 ; 0,06 ;;;;;;;;;;;;;
 0,01 ; 0,03 ;;;;;;;;;;;;;
 0,02 ; 0,03 ;;;;;;;;;;;;;
 0,04 ; 0,05 ;;;;;;;;;;;;;
 0,02 ; 0,02 ;;;;;;;;;;;;;
 0,04 ; 0,05 ;;;;;;;;;;;;;
 0,03 ; 0,05 ;;;;;;;;;;;;;
 0,03 ; 0,04 ;;;;;;;;;;;;;
 0,04 ; 0,05 ;;;;;;;;;;;;;
 0,02 ; 0,03 ;;;;;;;;;;;;;
 0,01 ; 0,02 ;;;;;;;;;;;;;
 0,03 ; 0,04 ;;;;;;;;;;;;;
 0,01 ; 0,02 ;;;;;;;;;;;;;
 0,02 ; 0,03 ;;;;;;;;;;;;;
 0,01 ; 0,02 ;;;;;;;;;;;;;
 0,02 ; 0,03 ;;;;;;;;;;;;;
 0,02 ; 0,03 ;;;;;;;;;;;;;
 0,04 ; 0,05 ;;;;;;;;;;;;;
 0,02 ; 0,04 ;;;;;;;;;;;;;
 0,03 ; 0,08 ;;;;;;;;;;;;;
 0,02 ; 0,04 ;;;;;;;;;;;;;
 0,02 ; 0,03 ;;;;;;;;;;;;;
 0,04 ; 0,05 ;;;;;;;;;;;;;
 0,02 ; 0,03 ;;;;;;;;;;;;;
 0,04 ; 0,05 ;;;;;;;;;;;;;
 0,02 ; 0,03 ;;;;;;;;;;;;;
 0,02 ; 0,03 ;;;;;;;;;;;;;
 0,03 ; 0,04 ;;;;;;;;;;;;;
 0,05 ; 0,07 ;;;;;;;;;;;;;
 0,05 ; 0,07 ;;;;;;;;;;;;;
 0,03 ; 0,04 ;;;;;;;;;;;;;
 0,03 ; 0,05 ;;;;;;;;;;;;;
 0,03 ; 0,05 ;;;;;;;;;;;;;
 0,03 ; 0,05 ;;;;;;;;;;;;;
 0,03 ; 0,05 ;;;;;;;;;;;;;
 0,03 ; 0,05 ;;;;;;;;;;;;;
 0,79 ; 0,79 ;;;;;;;;;;;;;
 1,00 ; 1,00 ;;;;;;;;;;;;;
 0,19 ; 0,43 ;;;;;;;;;;;;;
 1,00 ; 1,00 ;;;;;;;;;;;;;
 1,00 ; 1,00 ;;;;;;;;;;;;;
 1,00 ; 1,00 ;;;;;;;;;;;;;
 0,19 ; 0,55 ;;;;;;;;;;;;;
 0,14 ; 0,15 ;;;;;;;;;;;;;
 1,00 ; 1,00 ;;;;;;;;;;;;;
 0,17 ; 0,37 ;;;;;;;;;;;;;
 0,24 ; 0,27 ;;;;;;;;;;;;;
 1,00 ; 1,00 ;;;;;;;;;;;;;
 1,00 ; 1,00 ;;;;;;;;;;;;;
 1,00 ; 1,00 ;;;;;;;;;;;;;
 0,03 ; 0,25 ;;;;;;;;;;;;;
 1,00 ; 1,00 ;;;;;;;;;;;;;
 1,00 ; 1,00 ;;;;;;;;;;;;;
 0,03 ; 0,25 ;;;;;;;;;;;;;
 1,00 ; 1,00 ;;;;;;;;;;;;;
 0,15 ; 0,29 ;;;;;;;;;;;;;
 0,20 ; 0,64 ;;;;;;;;;;;;;
 0,31 ; 0,47 ;;;;;;;;;;;;;
 0,25 ; 0,34 ;;;;;;;;;;;;;
 0,26 ; 0,37 ;;;;;;;;;;;;;
 0,02 ; 0,12 ;;;;;;;;;;;;;
 1,00 ; 1,00 ;;;;;;;;;;;;;
 1,00 ; 1,00 ;;;;;;;;;;;;;
 0,68 ; 0,80 ;;;;;;;;;;;;;
 0,84 ; 0,84 ;;;;;;;;;;;;;
 0,49 ; 0,51 ;;;;;;;;;;;;;
 0,16 ; 0,23 ;;;;;;;;;;;;;
 0,29 ; 0,48 ;;;;;;;;;;;;;
 0,17 ; 0,22 ;;;;;;;;;;;;;
 0,45 ; 0,71 ;;;;;;;;;;;;;
 0,31 ; 0,39 ;;;;;;;;;;;;;
 0,27 ; 0,32 ;;;;;;;;;;;;;
 0,44 ; 0,47 ;;;;;;;;;;;;;
 0,11 ; 0,38 ;;;;;;;;;;;;;
 0,26 ; 0,94 ;;;;;;;;;;;;;
 0,33 ; 0,36 ;;;;;;;;;;;;;
 1,00 ; 1,00 ;;;;;;;;;;;;;
 0,37 ; 0,54 ;;;;;;;;;;;;;
 0,51 ; 0,51 ;;;;;;;;;;;;;
 0,13 ; 0,14 ;;;;;;;;;;;;;
 0,16 ; 0,17 ;;;;;;;;;;;;;
 0,15 ; 0,16 ;;;;;;;;;;;;;
 0,47 ; 0,57 ;;;;;;;;;;;;;
 0,46 ; 0,54 ;;;;;;;;;;;;;
 0,13 ; 0,78 ;;;;;;;;;;;;;
 0,43 ; 0,43 ;;;;;;;;;;;;;
 0,09 ; 0,29 ;;;;;;;;;;;;;
 0,10 ; 0,26 ;;;;;;;;;;;;;
 0,08 ; 0,22 ;;;;;;;;;;;;;
 1,00 ; 1,00 ;;;;;;;;;;;;;
 0,10 ; 0,68 ;;;;;;;;;;;;;
 0,08 ; 0,62 ;;;;;;;;;;;;;
 0,13 ; 0,21 ;;;;;;;;;;;;;
 1,00 ; 1,00 ;;;;;;;;;;;;;
 0,64 ; 0,64 ;;;;;;;;;;;;;
 0,55 ; 0,55 ;;;;;;;;;;;;;
 1,00 ; 1,00 ;;;;;;;;;;;;;
 0,12 ; 0,43 ;;;;;;;;;;;;;
 0,11 ; 0,46 ;;;;;;;;;;;;;
 0,31 ; 0,55 ;;;;;;;;;;;;;
 0,13 ; 0,15 ;;;;;;;;;;;;;
 0,78 ; 0,78 ;;;;;;;;;;;;;
 0,78 ; 0,78 ;;;;;;;;;;;;;
 0,26 ; 0,29 ;;;;;;;;;;;;;
 1,00 ; 1,00 ;;;;;;;;;;;;;
 0,16 ; 0,19 ;;;;;;;;;;;;;
 0,40 ; 0,47 ;;;;;;;;;;;;;
 0,43 ; 0,51 ;;;;;;;;;;;;;
 0,26 ; 0,52 ;;;;;;;;;;;;;
 0,33 ; 0,49 ;;;;;;;;;;;;;
 0,35 ; 0,66 ;;;;;;;;;;;;;
 0,23 ; 0,31 ;;;;;;;;;;;;;
 0,80 ; 0,80 ;;;;;;;;;;;;;
 0,50 ; 0,50 ;;;;;;;;;;;;;
 0,25 ; 0,28 ;;;;;;;;;;;;;
 0,05 ; 0,09 ;;;;;;;;;;;;;
 0,69 ; 0,80 ;;;;;;;;;;;;;
 0,05 ; 0,05 ;;;;;;;;;;;;;
 0,02 ; 0,02 ;;;;;;;;;;;;;
 0,02 ; 0,04 ;;;;;;;;;;;;;
 0,01 ; 0,07 ;;;;;;;;;;;;;
 0,01 ; 0,04 ;;;;;;;;;;;;;
 0,01 ; 0,02 ;;;;;;;;;;;;;
 0,03 ; 0,04 ;;;;;;;;;;;;;
 0,02 ; 0,03 ;;;;;;;;;;;;;
 0,01 ; 0,02 ;;;;;;;;;;;;;
 0,02 ; 0,07 ;;;;;;;;;;;;;
 0,02 ; 0,03 ;;;;;;;;;;;;;
 0,03 ; 0,03 ;;;;;;;;;;;;;
 0,02 ; 0,03 ;;;;;;;;;;;;;
 0,02 ; 0,03 ;;;;;;;;;;;;;
 0,02 ; 0,06 ;;;;;;;;;;;;;
 0,03 ; 0,04 ;;;;;;;;;;;;;
 0,04 ; 0,05 ;;;;;;;;;;;;;
 0,04 ; 0,06 ;;;;;;;;;;;;;
 0,02 ; 0,02 ;;;;;;;;;;;;;
 0,02 ; 0,02 ;;;;;;;;;;;;;
 0,02 ; 0,03 ;;;;;;;;;;;;;
 0,02 ; 0,02 ;;;;;;;;;;;;;
 0,02 ; 0,02 ;;;;;;;;;;;;;
 0,01 ; 0,01 ;;;;;;;;;;;;;
 0,01 ; 0,02 ;;;;;;;;;;;;;
 0,02 ; 0,06 ;;;;;;;;;;;;;
 0,02 ; 0,03 ;;;;;;;;;;;;;
 0,03 ; 0,05 ;;;;;;;;;;;;;
 0,02 ; 0,03 ;;;;;;;;;;;;;
 0,01 ; 0,03 ;;;;;;;;;;;;;
 0,02 ; 0,03 ;;;;;;;;;;;;;
 0,01 ; 0,03 ;;;;;;;;;;;;;
 0,02 ; 0,03 ;;;;;;;;;;;;;
 0,01 ; 0,02 ;;;;;;;;;;;;;
 0,02 ; 0,03 ;;;;;;;;;;;;;
 0,03 ; 0,04 ;;;;;;;;;;;;;
 0,03 ; 0,04 ;;;;;;;;;;;;;
 0,03 ; 0,06 ;;;;;;;;;;;;;
 0,02 ; 0,05 ;;;;;;;;;;;;;
 0,03 ; 0,04 ;;;;;;;;;;;;;
 0,03 ; 0,04 ;;;;;;;;;;;;;
 0,04 ; 0,05 ;;;;;;;;;;;;;
 0,02 ; 0,03 ;;;;;;;;;;;;;
 0,02 ; 0,03 ;;;;;;;;;;;;;
 0,02 ; 0,03 ;;;;;;;;;;;;;
 0,01 ; 0,02 ;;;;;;;;;;;;;
 0,02 ; 0,03 ;;;;;;;;;;;;;
 0,12 ; 0,19 ;;;;;;;;;;;;;
 0,18 ; 0,80 ;;;;;;;;;;;;;
 0,29 ; 0,29 ;;;;;;;;;;;;;
 0,53 ; 0,59 ;;;;;;;;;;;;;
 0,30 ; 0,33 ;;;;;;;;;;;;;
 0,22 ; 0,34 ;;;;;;;;;;;;;
 0,53 ; 0,65 ;;;;;;;;;;;;;
 0,24 ; 0,29 ;;;;;;;;;;;;;
 0,12 ; 0,65 ;;;;;;;;;;;;;
 0,33 ; 0,40 ;;;;;;;;;;;;;
 0,24 ; 0,66 ;;;;;;;;;;;;;
 0,09 ; 0,60 ;;;;;;;;;;;;;
 0,11 ; 0,24 ;;;;;;;;;;;;;
 0,43 ; 0,60 ;;;;;;;;;;;;;
 0,01 ; 0,03 ;;;;;;;;;;;;;
 0,06 ; 0,40 ;;;;;;;;;;;;;
 0,28 ; 0,28 ;;;;;;;;;;;;;
 0,01 ; 0,01 ;;;;;;;;;;;;;
 0,01 ; 0,03 ;;;;;;;;;;;;;
 0,17 ; 0,28 ;;;;;;;;;;;;;
 0,33 ; 0,56 ;;;;;;;;;;;;;
 0,28 ; 0,47 ;;;;;;;;;;;;;
 0,03 ; 0,09 ;;;;;;;;;;;;;
 0,19 ; 0,25 ;;;;;;;;;;;;;
 0,45 ; 0,45 ;;;;;;;;;;;;;
 0,28 ; 0,32 ;;;;;;;;;;;;;
 0,37 ; 0,49 ;;;;;;;;;;;;;
 0,09 ; 0,12 ;;;;;;;;;;;;;
 0,26 ; 0,50 ;;;;;;;;;;;;;
 0,09 ; 0,12 ;;;;;;;;;;;;;
 0,26 ; 0,50 ;;;;;;;;;;;;;
 0,04 ; 0,16 ;;;;;;;;;;;;;
 0,05 ; 0,06 ;;;;;;;;;;;;;
 0,07 ; 0,12 ;;;;;;;;;;;;;
 0,16 ; 0,48 ;;;;;;;;;;;;;
 0,16 ; 0,48 ;;;;;;;;;;;;;
 0,11 ; 0,18 ;;;;;;;;;;;;;
 0,11 ; 0,16 ;;;;;;;;;;;;;
 0,09 ; 0,13 ;;;;;;;;;;;;;
 0,20 ; 0,26 ;;;;;;;;;;;;;
 0,11 ; 0,16 ;;;;;;;;;;;;;
 0,09 ; 0,13 ;;;;;;;;;;;;;
 0,12 ; 0,16 ;;;;;;;;;;;;;
 0,08 ; 0,12 ;;;;;;;;;;;;;
 0,34 ; 0,36 ;;;;;;;;;;;;;
 0,38 ; 0,42 ;;;;;;;;;;;;;
 0,26 ; 0,29 ;;;;;;;;;;;;;
 0,32 ; 0,39 ;;;;;;;;;;;;;
 0,11 ; 0,14 ;;;;;;;;;;;;;
 0,16 ; 0,21 ;;;;;;;;;;;;;
 0,10 ; 0,10 ;;;;;;;;;;;;;
 0,11 ; 0,14 ;;;;;;;;;;;;;
 0,11 ; 0,12 ;;;;;;;;;;;;;
 0,26 ; 0,34 ;;;;;;;;;;;;;
 0,32 ; 0,38 ;;;;;;;;;;;;;
 0,28 ; 0,54 ;;;;;;;;;;;;;
 0,18 ; 0,55 ;;;;;;;;;;;;;
 0,31 ; 0,33 ;;;;;;;;;;;;;
 0,34 ; 0,44 ;;;;;;;;;;;;;
 0,66 ; 0,66 ;;;;;;;;;;;;;
 0,34 ; 0,44 ;;;;;;;;;;;;;
 0,23 ; 0,24 ;;;;;;;;;;;;;
 0,26 ; 0,29 ;;;;;;;;;;;;;
 0,53 ; 0,56 ;;;;;;;;;;;;;
 0,26 ; 0,28 ;;;;;;;;;;;;;
 0,29 ; 0,31 ;;;;;;;;;;;;;
 0,23 ; 0,25 ;;;;;;;;;;;;;
 0,18 ; 0,33 ;;;;;;;;;;;;;
 0,47 ; 0,47 ;;;;;;;;;;;;;
 0,06 ; 0,15 ;;;;;;;;;;;;;
 0,13 ; 0,15 ;;;;;;;;;;;;;
 0,09 ; 0,10 ;;;;;;;;;;;;;
 0,13 ; 0,15 ;;;;;;;;;;;;;
 0,46 ; 0,51 ;;;;;;;;;;;;;
 0,47 ; 0,52 ;;;;;;;;;;;;;
 0,51 ; 0,54 ;;;;;;;;;;;;;
 0,49 ; 0,52 ;;;;;;;;;;;;;
 0,51 ; 0,54 ;;;;;;;;;;;;;
 0,51 ; 0,53 ;;;;;;;;;;;;;
 0,29 ; 0,32 ;;;;;;;;;;;;;
 0,39 ; 0,44 ;;;;;;;;;;;;;
 0,48 ; 0,50 ;;;;;;;;;;;;;
 0,27 ; 0,36 ;;;;;;;;;;;;;
 0,16 ; 0,39 ;;;;;;;;;;;;;
 0,25 ; 0,29 ;;;;;;;;;;;;;
 0,14 ; 0,16 ;;;;;;;;;;;;;
 0,27 ; 0,42 ;;;;;;;;;;;;;
 0,27 ; 0,33 ;;;;;;;;;;;;;
 0,23 ; 0,43 ;;;;;;;;;;;;;
 0,36 ; 0,37 ;;;;;;;;;;;;;
 0,12 ; 0,13 ;;;;;;;;;;;;;
 0,35 ; 0,39 ;;;;;;;;;;;;;
 0,42 ; 0,81 ;;;;;;;;;;;;;
 0,38 ; 0,43 ;;;;;;;;;;;;;
 0,38 ; 0,43 ;;;;;;;;;;;;;
 0,38 ; 0,43 ;;;;;;;;;;;;;
 0,38 ; 0,43 ;;;;;;;;;;;;;
 0,38 ; 0,43 ;;;;;;;;;;;;;
 0,38 ; 0,43 ;;;;;;;;;;;;;
 0,38 ; 0,43 ;;;;;;;;;;;;;
 0,27 ; 0,35 ;;;;;;;;;;;;;
 0,12 ; 0,13 ;;;;;;;;;;;;;
 0,35 ; 0,65 ;;;;;;;;;;;;;
 0,34 ; 0,42 ;;;;;;;;;;;;;
 0,17 ; 0,40 ;;;;;;;;;;;;;
 0,14 ; 0,26 ;;;;;;;;;;;;;
 0,03 ; 0,04 ;;;;;;;;;;;;;
 0,03 ; 0,05 ;;;;;;;;;;;;;
 0,04 ; 0,04 ;;;;;;;;;;;;;
 0,05 ; 0,09 ;;;;;;;;;;;;;
 0,02 ; 0,04 ;;;;;;;;;;;;;
 0,05 ; 0,09 ;;;;;;;;;;;;;
 0,03 ; 0,05 ;;;;;;;;;;;;;
 0,03 ; 0,04 ;;;;;;;;;;;;;
 0,03 ; 0,04 ;;;;;;;;;;;;;
 0,03 ; 0,05 ;;;;;;;;;;;;;
 0,03 ; 0,04 ;;;;;;;;;;;;;
 0,03 ; 0,05 ;;;;;;;;;;;;;
 0,03 ; 0,05 ;;;;;;;;;;;;;
 0,04 ; 0,04 ;;;;;;;;;;;;;
 0,06 ; 0,19 ;;;;;;;;;;;;;
 0,06 ; 0,19 ;;;;;;;;;;;;;
 0,04 ; 0,05 ;;;;;;;;;;;;;
 0,04 ; 0,05 ;;;;;;;;;;;;;
 0,04 ; 0,05 ;;;;;;;;;;;;;
 0,04 ; 0,05 ;;;;;;;;;;;;;
 0,04 ; 0,05 ;;;;;;;;;;;;;
 0,05 ; 0,18 ;;;;;;;;;;;;;
 0,05 ; 0,18 ;;;;;;;;;;;;;
 0,04 ; 0,05 ;;;;;;;;;;;;;
 0,04 ; 0,05 ;;;;;;;;;;;;;
 0,04 ; 0,05 ;;;;;;;;;;;;;
 0,04 ; 0,05 ;;;;;;;;;;;;;
 0,03 ; 0,06 ;;;;;;;;;;;;;
 0,04 ; 0,05 ;;;;;;;;;;;;;
 0,03 ; 0,04 ;;;;;;;;;;;;;
 0,04 ; 0,05 ;;;;;;;;;;;;;
 0,21 ; 0,31 ;;;;;;;;;;;;;
 0,33 ; 0,33 ;;;;;;;;;;;;;
 0,38 ; 0,38 ;;;;;;;;;;;;;
 0,32 ; 0,58 ;;;;;;;;;;;;;
 0,45 ; 0,45 ;;;;;;;;;;;;;
 0,39 ; 0,41 ;;;;;;;;;;;;;
 0,50 ; 0,53 ;;;;;;;;;;;;;
 0,05 ; 0,16 ;;;;;;;;;;;;;
 0,11 ; 0,49 ;;;;;;;;;;;;;
 0,53 ; 0,84 ;;;;;;;;;;;;;
 0,04 ; 0,10 ;;;;;;;;;;;;;
 0,51 ; 0,51 ;;;;;;;;;;;;;
 0,44 ; 0,60 ;;;;;;;;;;;;;
 0,61 ; 0,66 ;;;;;;;;;;;;;
 0,23 ; 0,25 ;;;;;;;;;;;;;
 0,26 ; 0,30 ;;;;;;;;;;;;;
 0,08 ; 0,13 ;;;;;;;;;;;;;
 0,11 ; 0,13 ;;;;;;;;;;;;;
 0,09 ; 0,18 ;;;;;;;;;;;;;
 0,08 ; 0,10 ;;;;;;;;;;;;;
 0,23 ; 0,43 ;;;;;;;;;;;;;
 0,52 ; 0,87 ;;;;;;;;;;;;;
 0,60 ; 0,60 ;;;;;;;;;;;;;
 0,26 ; 0,31 ;;;;;;;;;;;;;
 0,27 ; 0,32 ;;;;;;;;;;;;;
 0,06 ; 0,08 ;;;;;;;;;;;;;
 0,13 ; 0,25 ;;;;;;;;;;;;;
 0,23 ; 0,23 ;;;;;;;;;;;;;
 0,14 ; 0,21 ;;;;;;;;;;;;;
 0,16 ; 0,55 ;;;;;;;;;;;;;
 0,15 ; 0,15 ;;;;;;;;;;;;;
 0,03 ; 0,03 ;;;;;;;;;;;;;
 0,24 ; 0,41 ;;;;;;;;;;;;;
 0,05 ; 0,06 ;;;;;;;;;;;;;
 0,76 ; 0,76 ;;;;;;;;;;;;;
 0,16 ; 0,45 ;;;;;;;;;;;;;
 0,16 ; 0,45 ;;;;;;;;;;;;;
 0,16 ; 0,45 ;;;;;;;;;;;;;
 0,16 ; 0,45 ;;;;;;;;;;;;;
 0,16 ; 0,46 ;;;;;;;;;;;;;
 0,16 ; 0,46 ;;;;;;;;;;;;;
 0,16 ; 0,46 ;;;;;;;;;;;;;
 0,16 ; 0,45 ;;;;;;;;;;;;;
 0,56 ; 0,63 ;;;;;;;;;;;;;
 0,57 ; 0,58 ;;;;;;;;;;;;;
 0,11 ; 0,11 ;;;;;;;;;;;;;
 0,16 ; 0,46 ;;;;;;;;;;;;;
 0,16 ; 0,46 ;;;;;;;;;;;;;
 0,52 ; 0,52 ;;;;;;;;;;;;;
 0,19 ; 0,39 ;;;;;;;;;;;;;
 0,48 ; 0,70 ;;;;;;;;;;;;;
 0,18 ; 0,37 ;;;;;;;;;;;;;
 1,00 ; 1,00 ;;;;;;;;;;;;;
 0,32 ; 0,34 ;;;;;;;;;;;;;
 0,16 ; 0,18 ;;;;;;;;;;;;;
 0,15 ; 0,16 ;;;;;;;;;;;;;
 0,18 ; 0,47 ;;;;;;;;;;;;;
 0,48 ; 0,48 ;;;;;;;;;;;;;
 0,45 ; 0,60 ;;;;;;;;;;;;;
 0,73 ; 0,73 ;;;;;;;;;;;;;
 0,13 ; 0,17 ;;;;;;;;;;;;;
 0,34 ; 0,39 ;;;;;;;;;;;;;
 0,11 ; 0,21 ;;;;;;;;;;;;;
 0,23 ; 0,29 ;;;;;;;;;;;;;
 0,59 ; 0,67 ;;;;;;;;;;;;;
 0,22 ; 0,33 ;;;;;;;;;;;;;
 0,52 ; 0,69 ;;;;;;;;;;;;;
 0,79 ; 0,79 ;;;;;;;;;;;;;
 0,64 ; 0,64 ;;;;;;;;;;;;;
 0,42 ; 0,46 ;;;;;;;;;;;;;
 0,47 ; 0,47 ;;;;;;;;;;;;;
 0,32 ; 0,33 ;;;;;;;;;;;;;
 0,41 ; 0,41 ;;;;;;;;;;;;;
 0,17 ; 0,21 ;;;;;;;;;;;;;
 0,55 ; 0,64 ;;;;;;;;;;;;;
 0,50 ; 0,54 ;;;;;;;;;;;;;
 0,37 ; 0,50 ;;;;;;;;;;;;;
 0,30 ; 0,43 ;;;;;;;;;;;;;
 0,10 ; 0,10 ;;;;;;;;;;;;;
 0,04 ; 0,05 ;;;;;;;;;;;;;
 0,18 ; 0,20 ;;;;;;;;;;;;;
 0,18 ; 0,20 ;;;;;;;;;;;;;
 0,14 ; 0,16 ;;;;;;;;;;;;;
 0,16 ; 0,19 ;;;;;;;;;;;;;
 0,15 ; 0,17 ;;;;;;;;;;;;;
 0,16 ; 0,20 ;;;;;;;;;;;;;
 0,34 ; 0,46 ;;;;;;;;;;;;;
 0,22 ; 0,35 ;;;;;;;;;;;;;
 0,79 ; 0,79 ;;;;;;;;;;;;;
 0,09 ; 0,10 ;;;;;;;;;;;;;
 0,79 ; 0,79 ;;;;;;;;;;;;;
 0,38 ; 0,77 ;;;;;;;;;;;;;
 0,15 ; 0,17 ;;;;;;;;;;;;;
 0,06 ; 0,08 ;;;;;;;;;;;;;
 0,27 ; 0,32 ;;;;;;;;;;;;;
 0,62 ; 0,68 ;;;;;;;;;;;;;
 0,85 ; 0,85 ;;;;;;;;;;;;;
 0,65 ; 0,74 ;;;;;;;;;;;;;
 0,05 ; 0,12 ;;;;;;;;;;;;;
 0,10 ; 0,25 ;;;;;;;;;;;;;
 0,03 ; 0,04 ;;;;;;;;;;;;;
 0,02 ; 0,06 ;;;;;;;;;;;;;
 0,02 ; 0,03 ;;;;;;;;;;;;;
 0,02 ; 0,03 ;;;;;;;;;;;;;
 0,02 ; 0,02 ;;;;;;;;;;;;;
 0,02 ; 0,04 ;;;;;;;;;;;;;
 0,01 ; 0,02 ;;;;;;;;;;;;;
 0,03 ; 0,04 ;;;;;;;;;;;;;
 0,02 ; 0,04 ;;;;;;;;;;;;;
 0,03 ; 0,05 ;;;;;;;;;;;;;
 0,03 ; 0,04 ;;;;;;;;;;;;;
 0,03 ; 0,06 ;;;;;;;;;;;;;
 0,03 ; 0,05 ;;;;;;;;;;;;;
 0,02 ; 0,03 ;;;;;;;;;;;;;
 0,02 ; 0,03 ;;;;;;;;;;;;;
 0,02 ; 0,03 ;;;;;;;;;;;;;
 0,01 ; 0,02 ;;;;;;;;;;;;;
 0,02 ; 0,03 ;;;;;;;;;;;;;
 0,02 ; 0,02 ;;;;;;;;;;;;;
 0,02 ; 0,03 ;;;;;;;;;;;;;
 0,01 ; 0,02 ;;;;;;;;;;;;;
 0,02 ; 0,03 ;;;;;;;;;;;;;
 0,02 ; 0,03 ;;;;;;;;;;;;;
 0,02 ; 0,03 ;;;;;;;;;;;;;
 0,02 ; 0,03 ;;;;;;;;;;;;;
 0,01 ; 0,02 ;;;;;;;;;;;;;
 0,02 ; 0,03 ;;;;;;;;;;;;;
 0,04 ; 0,06 ;;;;;;;;;;;;;
 0,04 ; 0,06 ;;;;;;;;;;;;;
 0,03 ; 0,05 ;;;;;;;;;;;;;
 0,03 ; 0,06 ;;;;;;;;;;;;;
 0,03 ; 0,06 ;;;;;;;;;;;;;
 0,03 ; 0,06 ;;;;;;;;;;;;;
 0,04 ; 0,06 ;;;;;;;;;;;;;
 0,04 ; 0,06 ;;;;;;;;;;;;;
 0,04 ; 0,06 ;;;;;;;;;;;;;
 0,03 ; 0,06 ;;;;;;;;;;;;;
 0,04 ; 0,06 ;;;;;;;;;;;;;
 0,03 ; 0,05 ;;;;;;;;;;;;;
 0,03 ; 0,05 ;;;;;;;;;;;;;
 0,03 ; 0,05 ;;;;;;;;;;;;;
 0,30 ; 0,34 ;;;;;;;;;;;;;
 0,71 ; 0,89 ;;;;;;;;;;;;;
 0,59 ; 0,59 ;;;;;;;;;;;;;
 0,02 ; 0,16 ;;;;;;;;;;;;;
 0,03 ; 0,05 ;;;;;;;;;;;;;
 0,09 ; 0,12 ;;;;;;;;;;;;;
 0,45 ; 0,45 ;;;;;;;;;;;;;
 0,14 ; 0,25 ;;;;;;;;;;;;;
 0,11 ; 0,49 ;;;;;;;;;;;;;
 0,06 ; 0,14 ;;;;;;;;;;;;;
 0,04 ; 0,09 ;;;;;;;;;;;;;
 0,01 ; 0,07 ;;;;;;;;;;;;;
 0,15 ; 0,21 ;;;;;;;;;;;;;
 0,87 ; 0,87 ;;;;;;;;;;;;;
 0,16 ; 0,16 ;;;;;;;;;;;;;
 0,19 ; 0,22 ;;;;;;;;;;;;;
 0,04 ; 0,10 ;;;;;;;;;;;;;
 0,05 ; 0,16 ;;;;;;;;;;;;;
 0,01 ; 0,02 ;;;;;;;;;;;;;
 0,72 ; 0,72 ;;;;;;;;;;;;;
 0,02 ; 0,07 ;;;;;;;;;;;;;
 0,24 ; 0,26 ;;;;;;;;;;;;;
 0,07 ; 0,08 ;;;;;;;;;;;;;
 0,06 ; 0,07 ;;;;;;;;;;;;;
 0,56 ; 0,56 ;;;;;;;;;;;;;
 0,13 ; 0,15 ;;;;;;;;;;;;;
 0,06 ; 0,06 ;;;;;;;;;;;;;
 0,04 ; 0,10 ;;;;;;;;;;;;;
 0,06 ; 0,06 ;;;;;;;;;;;;;
 0,04 ; 0,24 ;;;;;;;;;;;;;
 0,10 ; 0,23 ;;;;;;;;;;;;;
 1,00 ; 1,00 ;;;;;;;;;;;;;
 0,02 ; 0,10 ;;;;;;;;;;;;;
 0,09 ; 0,12 ;;;;;;;;;;;;;
 0,24 ; 0,36 ;;;;;;;;;;;;;
 0,17 ; 0,20 ;;;;;;;;;;;;;
 0,21 ; 0,34 ;;;;;;;;;;;;;
 0,26 ; 0,39 ;;;;;;;;;;;;;
 0,19 ; 0,27 ;;;;;;;;;;;;;
 0,02 ; 0,03 ;;;;;;;;;;;;;
 0,09 ; 0,31 ;;;;;;;;;;;;;
 0,08 ; 0,25 ;;;;;;;;;;;;;
 0,10 ; 0,12 ;;;;;;;;;;;;;
 0,09 ; 0,25 ;;;;;;;;;;;;;
 0,09 ; 0,26 ;;;;;;;;;;;;;
 0,25 ; 0,27 ;;;;;;;;;;;;;
 0,22 ; 0,29 ;;;;;;;;;;;;;
 0,03 ; 0,06 ;;;;;;;;;;;;;
 0,20 ; 0,24 ;;;;;;;;;;;;;
 0,19 ; 0,22 ;;;;;;;;;;;;;
 0,20 ; 0,23 ;;;;;;;;;;;;;
 0,18 ; 0,21 ;;;;;;;;;;;;;
 0,18 ; 0,21 ;;;;;;;;;;;;;
 0,16 ; 0,19 ;;;;;;;;;;;;;
 0,20 ; 0,24 ;;;;;;;;;;;;;
 0,18 ; 0,21 ;;;;;;;;;;;;;
 0,10 ; 0,22 ;;;;;;;;;;;;;
 0,37 ; 0,39 ;;;;;;;;;;;;;
 0,35 ; 0,41 ;;;;;;;;;;;;;
 0,01 ; 0,11 ;;;;;;;;;;;;;
 0,18 ; 0,44 ;;;;;;;;;;;;;
 0,19 ; 0,42 ;;;;;;;;;;;;;
 0,27 ; 0,53 ;;;;;;;;;;;;;
 0,27 ; 0,53 ;;;;;;;;;;;;;
 0,13 ; 0,16 ;;;;;;;;;;;;;
 0,13 ; 0,16 ;;;;;;;;;;;;;
 0,19 ; 0,23 ;;;;;;;;;;;;;
 0,23 ; 0,29 ;;;;;;;;;;;;;
 0,10 ; 0,13 ;;;;;;;;;;;;;
 0,21 ; 0,26 ;;;;;;;;;;;;;
 1,00 ; 1,00 ;;;;;;;;;;;;;
 1,00 ; 1,00 ;;;;;;;;;;;;;
 0,32 ; 0,32 ;;;;;;;;;;;;;
 1,00 ; 1,00 ;;;;;;;;;;;;;
 0,33 ; 0,70 ;;;;;;;;;;;;;
 0,20 ; 0,34 ;;;;;;;;;;;;;
 0,71 ; 0,86 ;;;;;;;;;;;;;
 0,02 ; 0,05 ;;;;;;;;;;;;;
 0,04 ; 0,07 ;;;;;;;;;;;;;
 0,04 ; 0,08 ;;;;;;;;;;;;;
 0,42 ; 0,78 ;;;;;;;;;;;;;
 0,11 ; 0,20 ;;;;;;;;;;;;;
 0,39 ; 0,46 ;;;;;;;;;;;;;
 0,57 ; 0,57 ;;;;;;;;;;;;;
 0,10 ; 0,15 ;;;;;;;;;;;;;
 0,54 ; 0,54 ;;;;;;;;;;;;;
 0,08 ; 0,51 ;;;;;;;;;;;;;
 0,16 ; 0,18 ;;;;;;;;;;;;;
 0,16 ; 0,68 ;;;;;;;;;;;;;
 0,08 ; 0,10 ;;;;;;;;;;;;;
 0,22 ; 0,24 ;;;;;;;;;;;;;
 0,27 ; 0,32 ;;;;;;;;;;;;;
 0,13 ; 0,18 ;;;;;;;;;;;;;
 0,25 ; 0,25 ;;;;;;;;;;;;;
 0,03 ; 0,03 ;;;;;;;;;;;;;
 0,27 ; 0,73 ;;;;;;;;;;;;;
 0,37 ; 0,89 ;;;;;;;;;;;;;
 0,03 ; 0,34 ;;;;;;;;;;;;;
 0,20 ; 0,32 ;;;;;;;;;;;;;
 0,23 ; 0,27 ;;;;;;;;;;;;;
 0,01 ; 0,02 ;;;;;;;;;;;;;
 0,12 ; 0,24 ;;;;;;;;;;;;;
 0,14 ; 0,49 ;;;;;;;;;;;;;
 0,17 ; 0,31 ;;;;;;;;;;;;;
 0,07 ; 0,16 ;;;;;;;;;;;;;
 0,22 ; 0,34 ;;;;;;;;;;;;;
 0,25 ; 0,51 ;;;;;;;;;;;;;
 0,25 ; 0,51 ;;;;;;;;;;;;;
 0,30 ; 0,34 ;;;;;;;;;;;;;
 0,09 ; 0,12 ;;;;;;;;;;;;;
 0,26 ; 0,32 ;;;;;;;;;;;;;
 0,14 ; 0,16 ;;;;;;;;;;;;;
 0,09 ; 0,38 ;;;;;;;;;;;;;
 0,18 ; 0,72 ;;;;;;;;;;;;;
 0,01 ; 0,02 ;;;;;;;;;;;;;
 0,01 ; 0,02 ;;;;;;;;;;;;;
 0,01 ; 0,03 ;;;;;;;;;;;;;
 0,02 ; 0,05 ;;;;;;;;;;;;;
 0,01 ; 0,03 ;;;;;;;;;;;;;
 0,01 ; 0,03 ;;;;;;;;;;;;;
 0,03 ; 0,06 ;;;;;;;;;;;;;
 0,02 ; 0,04 ;;;;;;;;;;;;;
 0,25 ; 0,28 ;;;;;;;;;;;;;
 0,17 ; 0,47 ;;;;;;;;;;;;;
 0,08 ; 0,38 ;;;;;;;;;;;;;
 0,26 ; 0,31 ;;;;;;;;;;;;;
 0,20 ; 0,50 ;;;;;;;;;;;;;
 0,20 ; 0,30 ;;;;;;;;;;;;;
 0,14 ; 0,21 ;;;;;;;;;;;;;
 0,21 ; 0,31 ;;;;;;;;;;;;;
 0,21 ; 0,31 ;;;;;;;;;;;;;
 0,23 ; 0,58 ;;;;;;;;;;;;;
 0,28 ; 0,71 ;;;;;;;;;;;;;
 0,19 ; 0,29 ;;;;;;;;;;;;;
 0,08 ; 0,08 ;;;;;;;;;;;;;
 0,31 ; 0,52 ;;;;;;;;;;;;;
 0,08 ; 0,12 ;;;;;;;;;;;;;
 0,31 ; 0,52 ;;;;;;;;;;;;;
 0,09 ; 0,13 ;;;;;;;;;;;;;
 0,31 ; 0,52 ;;;;;;;;;;;;;
 0,09 ; 0,13 ;;;;;;;;;;;;;
 0,31 ; 0,52 ;;;;;;;;;;;;;
 0,19 ; 0,28 ;;;;;;;;;;;;;
 0,12 ; 0,17 ;;;;;;;;;;;;;
 0,13 ; 0,18 ;;;;;;;;;;;;;
 0,37 ; 0,53 ;;;;;;;;;;;;;
 0,13 ; 0,15 ;;;;;;;;;;;;;
 0,37 ; 0,53 ;;;;;;;;;;;;;
 0,12 ; 0,14 ;;;;;;;;;;;;;
 0,37 ; 0,53 ;;;;;;;;;;;;;
 0,12 ; 0,15 ;;;;;;;;;;;;;
 0,36 ; 0,53 ;;;;;;;;;;;;;
 0,12 ; 0,15 ;;;;;;;;;;;;;
 0,12 ; 0,14 ;;;;;;;;;;;;;
 0,13 ; 0,15 ;;;;;;;;;;;;;
 0,12 ; 0,15 ;;;;;;;;;;;;;
 0,12 ; 0,15 ;;;;;;;;;;;;;
 0,37 ; 0,53 ;;;;;;;;;;;;;
 0,12 ; 0,14 ;;;;;;;;;;;;;
 0,08 ; 0,12 ;;;;;;;;;;;;;
 0,29 ; 0,53 ;;;;;;;;;;;;;
 0,12 ; 0,14 ;;;;;;;;;;;;;
 0,13 ; 0,18 ;;;;;;;;;;;;;
 0,05 ; 0,10 ;;;;;;;;;;;;;
 0,05 ; 0,10 ;;;;;;;;;;;;;
 0,05 ; 0,08 ;;;;;;;;;;;;;
 0,05 ; 0,06 ;;;;;;;;;;;;;
 0,05 ; 0,10 ;;;;;;;;;;;;;
 0,05 ; 0,06 ;;;;;;;;;;;;;
 0,04 ; 0,06 ;;;;;;;;;;;;;
 0,03 ; 0,05 ;;;;;;;;;;;;;
 0,03 ; 0,05 ;;;;;;;;;;;;;
 0,05 ; 0,08 ;;;;;;;;;;;;;
 0,05 ; 0,06 ;;;;;;;;;;;;;
 0,05 ; 0,10 ;;;;;;;;;;;;;
 0,03 ; 0,05 ;;;;;;;;;;;;;
 0,03 ; 0,05 ;;;;;;;;;;;;;
 0,03 ; 0,05 ;;;;;;;;;;;;;
 0,15 ; 0,26 ;;;;;;;;;;;;;
 0,15 ; 0,25 ;;;;;;;;;;;;;
 0,15 ; 0,26 ;;;;;;;;;;;;;
 0,15 ; 0,26 ;;;;;;;;;;;;;
 0,23 ; 0,34 ;;;;;;;;;;;;;
 0,21 ; 0,32 ;;;;;;;;;;;;;
 0,21 ; 0,32 ;;;;;;;;;;;;;
 0,21 ; 0,32 ;;;;;;;;;;;;;
 0,15 ; 0,25 ;;;;;;;;;;;;;
 0,27 ; 0,41 ;;;;;;;;;;;;;
 0,28 ; 0,37 ;;;;;;;;;;;;;
 0,27 ; 0,41 ;;;;;;;;;;;;;
 0,02 ; 0,04 ;;;;;;;;;;;;;
 0,02 ; 0,04 ;;;;;;;;;;;;;
 0,02 ; 0,03 ;;;;;;;;;;;;;
 0,02 ; 0,03 ;;;;;;;;;;;;;
 0,02 ; 0,04 ;;;;;;;;;;;;;
 0,02 ; 0,03 ;;;;;;;;;;;;;
 0,02 ; 0,03 ;;;;;;;;;;;;;
 0,02 ; 0,03 ;;;;;;;;;;;;;
 0,02 ; 0,03 ;;;;;;;;;;;;;
 0,02 ; 0,03 ;;;;;;;;;;;;;
 0,02 ; 0,04 ;;;;;;;;;;;;;
 0,02 ; 0,04 ;;;;;;;;;;;;;
 0,06 ; 0,33 ;;;;;;;;;;;;;
 0,20 ; 0,38 ;;;;;;;;;;;;;
 0,29 ; 0,44 ;;;;;;;;;;;;;
 0,10 ; 0,14 ;;;;;;;;;;;;;
 0,09 ; 0,20 ;;;;;;;;;;;;;
 0,08 ; 0,19 ;;;;;;;;;;;;;
 0,09 ; 0,14 ;;;;;;;;;;;;;
 0,09 ; 0,14 ;;;;;;;;;;;;;
 0,17 ; 0,19 ;;;;;;;;;;;;;
 0,06 ; 0,07 ;;;;;;;;;;;;;
 0,08 ; 0,25 ;;;;;;;;;;;;;
 0,11 ; 0,15 ;;;;;;;;;;;;;
 0,73 ; 0,82 ;;;;;;;;;;;;;
 0,79 ; 0,79 ;;;;;;;;;;;;;
 0,40 ; 0,40 ;;;;;;;;;;;;;
 0,81 ; 0,81 ;;;;;;;;;;;;;
 0,23 ; 0,64 ;;;;;;;;;;;;;
 0,16 ; 0,25 ;;;;;;;;;;;;;
 0,03 ; 0,15 ;;;;;;;;;;;;;
 0,41 ; 0,41 ;;;;;;;;;;;;;
 0,39 ; 0,39 ;;;;;;;;;;;;;
 0,43 ; 0,43 ;;;;;;;;;;;;;
 0,39 ; 0,39 ;;;;;;;;;;;;;
 0,12 ; 0,23 ;;;;;;;;;;;;;
 0,22 ; 0,23 ;;;;;;;;;;;;;
 0,22 ; 0,24 ;;;;;;;;;;;;;
 0,34 ; 0,35 ;;;;;;;;;;;;;
 0,35 ; 0,37 ;;;;;;;;;;;;;
 0,19 ; 0,42 ;;;;;;;;;;;;;
 0,21 ; 0,47 ;;;;;;;;;;;;;
 0,27 ; 0,28 ;;;;;;;;;;;;;
 0,27 ; 0,40 ;;;;;;;;;;;;;
 0,38 ; 0,39 ;;;;;;;;;;;;;
 0,38 ; 0,39 ;;;;;;;;;;;;;
 0,19 ; 0,29 ;;;;;;;;;;;;;
 0,26 ; 0,26 ;;;;;;;;;;;;;
 0,19 ; 0,25 ;;;;;;;;;;;;;
 0,26 ; 0,27 ;;;;;;;;;;;;;
 0,18 ; 0,19 ;;;;;;;;;;;;;
 0,18 ; 0,20 ;;;;;;;;;;;;;
 0,12 ; 0,15 ;;;;;;;;;;;;;
 0,17 ; 0,19 ;;;;;;;;;;;;;
 0,18 ; 0,19 ;;;;;;;;;;;;;
 0,12 ; 0,15 ;;;;;;;;;;;;;
 0,15 ; 0,20 ;;;;;;;;;;;;;
 0,15 ; 0,20 ;;;;;;;;;;;;;
 0,17 ; 0,19 ;;;;;;;;;;;;;
 0,25 ; 0,36 ;;;;;;;;;;;;;
 0,15 ; 0,18 ;;;;;;;;;;;;;
 0,20 ; 0,22 ;;;;;;;;;;;;;
 0,21 ; 0,39 ;;;;;;;;;;;;;
 0,24 ; 0,28 ;;;;;;;;;;;;;
 0,12 ; 0,15 ;;;;;;;;;;;;;
 0,20 ; 0,22 ;;;;;;;;;;;;;
 0,41 ; 0,48 ;;;;;;;;;;;;;
 0,17 ; 0,54 ;;;;;;;;;;;;;
 0,09 ; 0,15 ;;;;;;;;;;;;;
 0,06 ; 0,10 ;;;;;;;;;;;;;
 0,22 ; 0,26 ;;;;;;;;;;;;;
 0,22 ; 0,26 ;;;;;;;;;;;;;
 0,03 ; 0,04 ;;;;;;;;;;;;;
 0,04 ; 0,05 ;;;;;;;;;;;;;
 0,01 ; 0,02 ;;;;;;;;;;;;;
 0,03 ; 0,05 ;;;;;;;;;;;;;
 0,04 ; 0,07 ;;;;;;;;;;;;;
 0,05 ; 0,10 ;;;;;;;;;;;;;
 0,04 ; 0,07 ;;;;;;;;;;;;;
 0,06 ; 0,11 ;;;;;;;;;;;;;
 0,05 ; 0,06 ;;;;;;;;;;;;;
 0,03 ; 0,05 ;;;;;;;;;;;;;
 0,05 ; 0,06 ;;;;;;;;;;;;;
 0,03 ; 0,05 ;;;;;;;;;;;;;
 0,31 ; 0,41 ;;;;;;;;;;;;;
 0,41 ; 0,52 ;;;;;;;;;;;;;
 0,14 ; 0,14 ;;;;;;;;;;;;;
 0,13 ; 0,20 ;;;;;;;;;;;;;
 0,16 ; 0,57 ;;;;;;;;;;;;;
 0,60 ; 0,68 ;;;;;;;;;;;;;
 0,25 ; 0,30 ;;;;;;;;;;;;;
 0,22 ; 0,39 ;;;;;;;;;;;;;
 0,09 ; 0,53 ;;;;;;;;;;;;;
 0,11 ; 0,53 ;;;;;;;;;;;;;
 0,14 ; 0,20 ;;;;;;;;;;;;;
 0,26 ; 0,37 ;;;;;;;;;;;;;
 0,26 ; 0,37 ;;;;;;;;;;;;;
 0,04 ; 0,05 ;;;;;;;;;;;;;
 0,01 ; 0,02 ;;;;;;;;;;;;;
 0,01 ; 0,01 ;;;;;;;;;;;;;
 0,03 ; 0,06 ;;;;;;;;;;;;;
 0,03 ; 0,04 ;;;;;;;;;;;;;
 0,02 ; 0,05 ;;;;;;;;;;;;;
 0,04 ; 0,09 ;;;;;;;;;;;;;
 0,02 ; 0,06 ;;;;;;;;;;;;;
 0,01 ; 0,02 ;;;;;;;;;;;;;
 0,03 ; 0,06 ;;;;;;;;;;;;;
 0,47 ; 0,51 ;;;;;;;;;;;;;
 0,40 ; 0,40 ;;;;;;;;;;;;;
 0,41 ; 0,54 ;;;;;;;;;;;;;
 0,34 ; 0,39 ;;;;;;;;;;;;;
 0,45 ; 0,69 ;;;;;;;;;;;;;
 0,27 ; 0,43 ;;;;;;;;;;;;;
 0,25 ; 0,30 ;;;;;;;;;;;;;
 0,35 ; 0,39 ;;;;;;;;;;;;;
 0,28 ; 0,31 ;;;;;;;;;;;;;
 0,28 ; 0,30 ;;;;;;;;;;;;;
 0,35 ; 0,42 ;;;;;;;;;;;;;
 0,39 ; 0,39 ;;;;;;;;;;;;;
 0,76 ; 0,76 ;;;;;;;;;;;;;
 0,03 ; 0,04 ;;;;;;;;;;;;;
 0,07 ; 0,09 ;;;;;;;;;;;;;
 0,04 ; 0,17 ;;;;;;;;;;;;;
 0,07 ; 0,08 ;;;;;;;;;;;;;
 0,05 ; 0,06 ;;;;;;;;;;;;;
 0,08 ; 0,10 ;;;;;;;;;;;;;
 0,31 ; 0,39 ;;;;;;;;;;;;;
 0,67 ; 0,71 ;;;;;;;;;;;;;
 0,67 ; 0,72 ;;;;;;;;;;;;;
 0,17 ; 0,78 ;;;;;;;;;;;;;
 0,11 ; 0,17 ;;;;;;;;;;;;;
 0,20 ; 0,38 ;;;;;;;;;;;;;
 0,23 ; 0,52 ;;;;;;;;;;;;;
 0,32 ; 0,39 ;;;;;;;;;;;;;
 0,15 ; 0,32 ;;;;;;;;;;;;;
 0,19 ; 0,21 ;;;;;;;;;;;;;
 0,42 ; 0,69 ;;;;;;;;;;;;;
 0,01 ; 0,01 ;;;;;;;;;;;;;
 0,05 ; 0,10 ;;;;;;;;;;;;;
 0,03 ; 0,04 ;;;;;;;;;;;;;
 0,04 ; 0,04 ;;;;;;;;;;;;;
 0,19 ; 0,31 ;;;;;;;;;;;;;
 0,13 ; 0,19 ;;;;;;;;;;;;;
 0,67 ; 0,67 ;;;;;;;;;;;;;
 0,09 ; 0,17 ;;;;;;;;;;;;;
 0,27 ; 0,52 ;;;;;;;;;;;;;
 0,19 ; 0,19 ;;;;;;;;;;;;;
 0,04 ; 0,07 ;;;;;;;;;;;;;
 0,26 ; 0,31 ;;;;;;;;;;;;;
 0,14 ; 0,27 ;;;;;;;;;;;;;
 0,07 ; 0,10 ;;;;;;;;;;;;;
 0,65 ; 0,77 ;;;;;;;;;;;;;
 0,06 ; 0,10 ;;;;;;;;;;;;;
 0,33 ; 0,57 ;;;;;;;;;;;;;
 0,04 ; 0,05 ;;;;;;;;;;;;;
 0,35 ; 0,45 ;;;;;;;;;;;;;
 0,09 ; 0,10 ;;;;;;;;;;;;;
 0,11 ; 0,18 ;;;;;;;;;;;;;
 0,58 ; 0,80 ;;;;;;;;;;;;;
 0,23 ; 0,88 ;;;;;;;;;;;;;
 0,33 ; 0,54 ;;;;;;;;;;;;;
 0,08 ; 0,09 ;;;;;;;;;;;;;
 0,24 ; 0,37 ;;;;;;;;;;;;;
 0,22 ; 0,29 ;;;;;;;;;;;;;
 0,07 ; 0,09 ;;;;;;;;;;;;;
 0,09 ; 0,12 ;;;;;;;;;;;;;
 0,08 ; 0,12 ;;;;;;;;;;;;;
 0,45 ; 0,48 ;;;;;;;;;;;;;
 0,17 ; 0,30 ;;;;;;;;;;;;;
 0,74 ; 0,80 ;;;;;;;;;;;;;
 0,44 ; 0,47 ;;;;;;;;;;;;;
 0,17 ; 0,29 ;;;;;;;;;;;;;
 0,15 ; 0,27 ;;;;;;;;;;;;;
 0,48 ; 0,48 ;;;;;;;;;;;;;
 0,18 ; 0,28 ;;;;;;;;;;;;;
 0,12 ; 0,15 ;;;;;;;;;;;;;
 0,05 ; 0,15 ;;;;;;;;;;;;;
 0,19 ; 0,31 ;;;;;;;;;;;;;
 0,22 ; 0,88 ;;;;;;;;;;;;;
 0,22 ; 0,88 ;;;;;;;;;;;;;
 0,15 ; 0,21 ;;;;;;;;;;;;;
 0,29 ; 0,31 ;;;;;;;;;;;;;
 0,08 ; 0,12 ;;;;;;;;;;;;;
 0,01 ; 0,01 ;;;;;;;;;;;;;
 0,01 ; 0,02 ;;;;;;;;;;;;;
 0,53 ; 0,57 ;;;;;;;;;;;;;
 0,32 ; 0,41 ;;;;;;;;;;;;;
 0,28 ; 0,65 ;;;;;;;;;;;;;
 0,30 ; 0,31 ;;;;;;;;;;;;;
 0,20 ; 0,25 ;;;;;;;;;;;;;
 0,50 ; 0,61 ;;;;;;;;;;;;;
 0,33 ; 0,83 ;;;;;;;;;;;;;
 0,67 ; 0,83 ;;;;;;;;;;;;;
 0,13 ; 0,43 ;;;;;;;;;;;;;
 0,13 ; 0,45 ;;;;;;;;;;;;;
 0,21 ; 0,48 ;;;;;;;;;;;;;
 0,28 ; 0,37 ;;;;;;;;;;;;;
 0,22 ; 0,29 ;;;;;;;;;;;;;
 0,54 ; 0,70 ;;;;;;;;;;;;;
 0,32 ; 0,32 ;;;;;;;;;;;;;
 0,22 ; 0,35 ;;;;;;;;;;;;;
 0,13 ; 0,25 ;;;;;;;;;;;;;
 0,16 ; 0,40 ;;;;;;;;;;;;;
 0,17 ; 0,45 ;;;;;;;;;;;;;
 0,16 ; 0,36 ;;;;;;;;;;;;;
 0,20 ; 0,31 ;;;;;;;;;;;;;
 0,16 ; 0,18 ;;;;;;;;;;;;;
 0,26 ; 0,37 ;;;;;;;;;;;;;
 0,26 ; 0,38 ;;;;;;;;;;;;;
 0,26 ; 0,37 ;;;;;;;;;;;;;
 0,26 ; 0,37 ;;;;;;;;;;;;;
 0,26 ; 0,37 ;;;;;;;;;;;;;
 0,35 ; 0,52 ;;;;;;;;;;;;;
 0,16 ; 0,25 ;;;;;;;;;;;;;
 0,09 ; 0,20 ;;;;;;;;;;;;;
 0,09 ; 0,19 ;;;;;;;;;;;;;
